"song","rank","plays"
"Dark Bird (St. Lucia Remix)",1,393
"Delicate",2,312
"Almost (Sweet Music)",3,301
"The Archer",4,301
"Angel",5,293
"Clean",6,284
"Dark Bird",7,269
"Daylight",8,256
"This Love (Taylor’s Version)",9,227
"Sweet Girl (Live)",10,223
"End of Desire",11,211
"Angel (Live 1981)",12,189
"Angel (4/2/79 Version)",13,175
"Chasing Stars (feat. James Bay)",14,162
"Cruel Summer",15,162
"I Think He Knows",16,159
"Lover",17,158
"New Year’s Day",18,154
"Middle of Love",19,150
"Two Way (feat. James Bay)",20,149
"Sometimes I",21,146
"Treacherous (Taylor's Version)",22,145
"Overpass Graffiti",23,140
"Storms",24,137
"Out of the Woods",25,137
"Kind of Girl",26,134
"I Will Run to You (Remastered)",27,132
"Evergreen",28,131
"Free Fallin'",29,129
"Sara",30,124
"This Love",31,121
"Daylight (Live From Paris)",32,120
"Run",33,119
"Call It What You Want",34,119
"The Man",35,118
"Paper Rings",36,117
"Letting You Go",37,117
"Bad Habits",38,116
"Twisted",39,116
"Miss Americana & The Heartbreak Prince",40,113
"It's Gonna Be Okay, Baby",41,112
"Even My Dad Does Sometimes",42,110
"Style",43,109
"State Of Grace (Taylor's Version)",44,107
"The Waiting",45,103
"I Know A Place",46,101
"epiphany (the long pond studio sessions)",47,101
"Home By Now",48,97
"Cornelia Street",49,97
"London Boy",50,97
"Moment's Silence (Common Tongue)",51,95
"All Too Well (Sad Girl Autumn Version) [Recorded at Long Pond Studios]",52,95
"Stop Draggin' My Heart Around (with Tom Petty & the Heartbreakers)",53,94
"Death By A Thousand Cuts",54,93
"New York",55,92
"Monday Morning (Remastered)",56,92
"Zombie Zoo",57,92
"Afterglow",58,91
"Shooting Star",59,90
"Touch and Go",60,89
"Blue Letter (Remastered)",61,89
"You Need To Calm Down",62,89
"Loose Garment",63,88
"Don't Come Around Here No More",64,87
"Bloodstream",65,86
"Anything But Me",66,85
"New Romantics",67,85
"Getaway Car",68,82
"Carolina (""Where The Crawdads Sing"" - Video Edition)",69,78
"Carolina (From The Motion Picture “Where The Crawdads Sing”)",70,77
"American Girl",71,77
"The Longest Year",72,76
"Red (Taylor's Version)",73,76
"Movement",74,75
"Deliver Me",75,75
"Rhiannon (Remastered)",76,73
"...Ready For It?",77,73
"Shrike",78,71
"The Best of Everything (Alternate Version/Extra Verse)",79,70
"Angel (Live At St. Louis, 11/5/79)",80,69
"All You Had To Do Was Stay",81,69
"Afterglow",82,68
"Gorgeous",83,68
"Crystal (Remastered)",84,67
"Now I'm In It (Bonus Track)",85,67
"Rockin' Around (With You)",86,67
"Don’t Blame Me",87,66
"Depending On You",88,66
"willow",89,65
"All Too Well (10 Minute Version) (Taylor's Version) (From The Vault)",90,65
"After the Glitter Fades",91,64
"illicit affairs",92,64
"King of My Heart",93,64
"A Thing About You",94,64
"Easy On Me",95,63
"Bella Donna",96,63
"Gate and Garden (Remastered)",97,63
"Nightbird (Remastered)",98,63
"happiness",99,63
"Run (Taylor's Version) (From The Vault) [feat. Ed Sheeran]",100,63
"Hometown Blues",101,63
"Runner’s High",102,62
"Touch",103,62
"illicit affairs (the long pond studio sessions)",104,62
"False God",105,62
"Silent Love",106,61
"Rooms On Fire",107,61
"invisible string (the long pond studio sessions)",108,61
"Insider (feat. Stevie Nicks)",109,61
"Warm Ways (Remastered)",110,60
"Landslide (Remastered)",111,60
"American Girl (Live at The Wiltern, 1985)",112,60
"Save Your Love",113,59
"I Forgot That You Existed",114,59
"So It Goes...",115,59
"Anything That's Rock 'N' Roll",116,59
"Kind of Woman",117,58
"I Sing for Things",118,57
"One Life",119,56
"What I Want",120,56
"No Idea",121,56
"Forever Winter (Taylor's Version) (From The Vault)",122,56
"Dancing With Our Hands Tied",123,56
"Second Hand News",124,55
"Enchanted (Remastered)",125,55
"The Archer (Live From Paris)",126,55
"The Wild One, Forever",127,55
"The Joker And The Queen",128,54
"Never Going Back Again",129,54
"I Don't Want to Know",130,54
"ivy",131,54
"The Very First Night (Taylor's Version) (From The Vault)",132,54
"Navy Blue",133,53
"Love Story (Taylor’s Version)",134,53
"All Too Well (Taylor's Version)",135,53
"Girl At Home (Taylor's Version)",136,53
"Jammin' Me",137,53
"Learning to Fly (Live)",138,53
"Think About It",139,52
"The Waiting (Live)",140,51
"Dreams",141,50
"NFWMB",142,50
"You Signed Up For This",143,50
"Solid",144,50
"Wild Heart (Remastered)",145,50
"peace (the long pond studio sessions)",146,50
"Kings Road",147,50
"Give Me The Reason",148,49
"Chasing Stars (feat. James Bay) [Stripped]",149,48
"Handle Me",150,48
"long story short",151,48
"exile (feat. Bon Iver)",152,48
"epiphany",153,48
"peace",154,48
"It's Nice To Have A Friend",155,48
"Message In A Bottle (Taylor's Version) (From The Vault)",156,48
"Bad Blood",157,48
"Wildest Dreams",158,48
"Shivers",159,47
"Leave Your Life",160,47
"Songbird",161,47
"Fade Into You (Live)",162,47
"Fearless",163,47
"Wildflowers (Live)",164,47
"Dogs On the Run",165,47
"Say You Love Me (Remastered)",166,46
"Outside the Rain",167,46
"A Woman In Love (It's Not Me)",168,46
"Nowhere Left To Go",169,45
"If Anyone Falls (Remastered)",170,45
"august (the long pond studio sessions)",171,45
"willow (lonely witch version)",172,45
"Wildflowers (Home Recording)",173,45
"The Waiting (Live at The Wiltern, 1985)",174,45
"Collide",175,44
"This Love",176,44
"Silk Chiffon (feat. Phoebe Bridgers)",177,44
"I Wish You Would",178,44
"Tides",179,43
"Memento",180,43
"Gold and Braid (Live 1981)",181,43
"Leather and Lace",182,43
"I Knew You Were Trouble (Taylor's Version)",183,43
"Dress",184,43
"Avila",185,43
"Pack up Your Sorrows",186,42
"Imperial Hotel",187,42
"champagne problems",188,42
"the 1",189,42
"Mystery Man",190,42
"The River",191,41
"Brooklyn",192,41
"invisible string",193,41
"willow (dancing witch version) [Elvira remix]",194,41
"I Won't Back Down",195,41
"The Apartment Song",196,41
"Straight Into Darkness",197,41
"Wagon Wheel",198,40
"Middle of Love (The Dove Sessions)",199,40
"Weddings and Funerals",200,40
"Volcano",201,40
"All Too Well",202,40
"Around U",203,40
"gold rush",204,40
"august",205,40
"Holy Ground (Taylor's Version)",206,40
"Shake It Off",207,40
"Love Is a Long Road",208,40
"Child of Mine",209,39
"Go Your Own Way",210,39
"Shrike (Live at Windmill Lane Studios)",211,39
"Psycho",212,39
"Stop Draggin' My Heart Around (with Tom Petty & the Heartbreakers)",213,39
"marjorie",214,39
"evermore (feat. Bon Iver)",215,39
"Come In With The Rain (Taylor’s Version)",216,39
"the last great american dynasty",217,39
"my tears ricochet",218,39
"invisible string",219,39
"Fooled Again (I Don't Like It)",220,39
"No Questions Asked",221,38
"Time After Time",222,38
"Funeral (feat. James Bay)",223,38
"Sister Honey",224,38
"Stand Back (Remastered)",225,38
"cardigan",226,38
"mirrorball",227,38
"hoax",228,38
"august",229,38
"Look What You Made Me Do",230,38
"Change of Heart",231,38
"We Stand a Chance",232,38
"Leave a Trace",233,37
"Stop The Rain",234,37
"The Ghost",235,37
"The Stable Song",236,37
"Hallelujah (Bonus Track)",237,37
"Would That I",238,37
"John Hughes Movie",239,37
"Tell It To My Heart (feat. Hozier)",240,37
"Who",241,37
"mirrorball",242,37
"I Did Something Bad",243,37
"Wildflowers",244,37
"A One Story Town",245,37
"Strangered In the Night",246,37
"Seven Bridges Road (Live)",247,36
"First Times",248,36
"Rhiannon (Will You Ever Win) [Single Version] [Remastered]",249,36
"Elvis Song",250,36
"Epiphany (Piano Instrumental)",251,36
"Edge of Seventeen",252,36
"Long Way to Go",253,36
"cardigan (cabin in candlelight version)",254,36
"End Game (feat. Ed Sheeran & Future)",255,36
"Kings Highway",256,36
"Reprieve",257,35
"Never Ending Circles",258,35
"Over My Head (Remastered)",259,35
"Blue Letter (Single Version)",260,35
"If I Go, I'm Goin'",261,35
"Give Me The Reason",262,35
"Red",263,35
"Hey Now",264,35
"Rock a Little (Go Ahead Lily)",265,35
"epiphany",266,35
"the 1 (the long pond studio sessions)",267,35
"Luna",268,35
"Compass Rose",269,34
"Wasteland, Baby!",270,34
"Home",271,34
"The Last of the Starks",272,34
"How Still My Love",273,34
"mirrorball (the long pond studio sessions)",274,34
"Room at the Top",275,34
"You Got Lucky",276,34
"Angel Baby",277,34
"Sky Spinning",278,33
"Say You Will",279,33
"Nina Cried Power (feat. Mavis Staples)",280,33
"Movement",281,33
"No Plan",282,33
"Into the Unknown",283,33
"I’m Trying (Not Friends)",284,33
"The Highwayman",285,33
"Ghosts",286,33
"'tis the damn season",287,33
"You All Over Me (Taylor’s Version) [From The Vault] [feat. Maren Morris]",288,33
"seven",289,33
"Ronan (Taylor's Version)",290,33
"This Is Why We Can’t Have Nice Things",291,33
"A Face In the Crowd",292,33
"Happier",293,32
"Like Real People Do",294,32
"Love Him I Don’t",295,32
"The Dirt Whispered",296,32
"You Belong With Me (Taylor’s Version)",297,32
"betty",298,32
"the 1",299,32
"cardigan (the long pond studio sessions)",300,32
"hoax (the long pond studio sessions)",301,32
"Feel a Whole Lot Better",302,32
"Finding Out",303,32
"Hometown Blues",304,32
"Wildflowers",305,32
"Here Comes the Sun",306,31
"The A Team",307,31
"2step",308,31
"Love In Slow Motion",309,31
"Sunny Side of Heaven",310,31
"Unwritable Girl",311,31
"Seeing Stars",312,31
"The Crossing",313,31
"exile (feat. Bon Iver) [the long pond studio sessions]",314,31
"Wildest Dreams (Taylor's Version)",315,31
"Century City (Live)",316,31
"Seventeen",317,31
"Keep You On My Side",318,30
"Visiting Hours",319,30
"Be Right Now",320,30
"Homeward Bound",321,30
"Sisters of the Moon",322,30
"Got My Mind Set On You",323,30
"Shrike",324,30
"Hollow",325,30
"The Bones",326,30
"Jump Then Fall (Taylor’s Version)",327,30
"State Of Grace (Acoustic Version) (Taylor's Version)",328,30
"Babe (Taylor's Version) (From The Vault)",329,30
"How You Get the Girl",330,30
"Yer So Bad",331,30
"Learning to Fly",332,30
"January Hymn",333,29
"Photograph",334,29
"Pink Lemonade",335,29
"Wanderlust",336,29
"Invisible String (Piano Instrumental)",337,29
"Bella Donna (Demo)",338,29
"Secret Love",339,29
"Fearless (Taylor’s Version)",340,29
"this is me trying",341,29
"peace",342,29
"cardigan",343,29
"Everything Has Changed (Taylor's Version) [feat. Ed Sheeran]",344,29
"A Mind with a Heart of Its Own",345,29
"Keep a Little Soul (Outtake, 1982)",346,29
"Runaway Trains",347,29
"See You Again (feat. Charlie Puth)",348,29
"Heavier Things Remain (Graviora Manent)",349,28
"I'm On Fire",350,28
"Helpless",351,28
"Leaves Fall",352,28
"Bare Trees",353,28
"Sentimental Lady",354,28
"Better Love (From ""The Legend of Tarzan"")",355,28
"To Be Alone",356,28
"Us",357,28
"Outdoor Pool",358,28
"Boy",359,28
"dorothea",360,28
"22 (Taylor's Version)",361,28
"We Are Never Ever Getting Back Together (Taylor's Version)",362,28
"Starlight (Taylor's Version)",363,28
"The Moment I Knew (Taylor's Version)",364,28
"Songbird Blues",365,27
"Airplane Man",366,27
"Don't Stop",367,27
"Nobody",368,27
"Talk",369,27
"Sunlight",370,27
"Loudspeaker",371,27
"In Your Dreams",372,27
"Nothing Ever Changes (Remastered)",373,27
"coney island (feat. The National)",374,27
"cowboy like me",375,27
"exile (feat. Bon Iver)",376,27
"betty",377,27
"the last great american dynasty (the long pond studio sessions)",378,27
"You Are In Love",379,27
"Breakdown",380,27
"blue sky mind",381,27
"Days Grow Longer",382,26
"Galway Girl",383,26
"Ballad Of Sir Frankie Crisp (Let It Roll) [2020 Mix]",384,26
"To Noise Making (Sing)",385,26
"Show Yourself",386,26
"Talking To Strangers",387,26
"Let's Go",388,26
"Heavenfaced",389,26
"Sable on Blond (Remastered)",390,26
"closure",391,26
"Begin Again (Taylor's Version)",392,26
"I Know Places",393,26
"Runnin' Down a Dream",394,26
"Alright for Now",395,26
"The Dark of the Sun",396,26
"The Damage You've Done",397,26
"It'll All Work Out",398,26
"Ain't Love Strange",399,26
"Southern Accents",400,26
"Listen to Her Heart",401,26
"Soft Skeletons",402,25
"Porch Songs",403,25
"Make Them Gold",404,25
"Castle on the Hill",405,25
"Perfect",406,25
"Crystal (Early Version)",407,25
"Little Lies",408,25
"Any Road",409,25
"Just For Tonight",410,25
"Safe",411,25
"Happiness (Piano Instrumental)",412,25
"August (Piano Instrumental)",413,25
"For What It's Worth",414,25
"Breathe (Taylor’s Version) [feat. Colbie Caillat]",415,25
"Forever & Always (Piano Version) [Taylor’s Version]",416,25
"betty (the long pond studio sessions)",417,25
"Wonderland",418,25
"Nightwatchman",419,25
"Between Two Worlds",420,25
"The Wild One, Forever",421,25
"When the Time Comes",422,25
"Burn Out Brighter (Northern Lights)",423,24
"Haight St",424,24
"Said and Done",425,24
"These Pages",426,24
"Clearest Blue",427,24
"Hearts Don't Break Around Here",428,24
"Thinking Out Loud",429,24
"All Things Must Pass (2020 Mix)",430,24
"Jackie and Wilson",431,24
"Nina Cried Power (feat. Mavis Staples)",432,24
"As It Was",433,24
"Magnolia",434,24
"State of Grace",435,24
"Red Wing (Live)",436,24
"Two Kinds of Love",437,24
"champagne problems",438,24
"tolerate it",439,24
"mad woman",440,24
"the last great american dynasty",441,24
"Wildflowers (Live)",442,24
"Counting On You",443,24
"Lonesome Sundown",444,24
"Think About Me",445,24
"The Same Old You",446,24
"I Need to Know",447,24
"My My My!",448,24
"Breaking",449,23
"True Faith",450,23
"Lowlands",451,23
"Down By the Water",452,23
"Don't",453,23
"Give Me Love (Give Me Peace On Earth)",454,23
"The Stable Song",455,23
"Take Me to Church",456,23
"Villain",457,23
"Tough Act",458,23
"I'll Be Ready",459,23
"Cry Wolf",460,23
"Some Become Strangers",461,23
"no body, no crime (feat. HAIM)",462,23
"right where you left me (bonus track)",463,23
"Mr. Perfectly Fine (Taylor’s Version) [From The Vault]",464,23
"The Lucky One (Taylor's Version)",465,23
"You Can Still Change Your Mind",466,23
"All Mixed Up",467,23
"Handle With Care",468,23
"Be_Still_Bobby_Dunne_Solo",469,23
"Retrace",470,22
"Shepherd",471,22
"Roadside",472,22
"Eraser",473,22
"Hold It All At Bay",474,22
"Hurts But It Goes Away",475,22
"Kings Highway",476,22
"Wild Love",477,22
"Fade Out",478,22
"Cate’s Brother",479,22
"This Is On You",480,22
"I'd Like to Know",481,22
"Unknown Legend",482,22
"Savior (Ghost Note Symphonies)",483,22
"Keep On",484,22
"Ooh My Love",485,22
"it's time to go (bonus track)",486,22
"illicit affairs",487,22
"I Bet You Think About Me (Taylor's Version) (From The Vault) [feat. Chris Stapleton]",488,22
"Wildflowers",489,22
"Free Girl Now",490,22
"Echo",491,22
"Hurt",492,22
"Magnolia",493,22
"End of the Line",494,22
"You Can't Rush Your Healing",495,22
"The Sore Feet Song",496,21
"Silo Song",497,21
"Every Shade of Blue",498,21
"Work Song",499,21
"Ronan",500,21
"Graceland Too",501,21
"Under",502,21
"Blueridge Mountains / Honey Bear / Hangman's Reel (Live)",503,21
"Fire Burning",504,21
"my tears ricochet",505,21
"my tears ricochet (the long pond studio sessions)",506,21
"I Almost Do (Taylor's Version)",507,21
"Better Man (Taylor's Version) (From The Vault)",508,21
"There's a Break In the Rain (Have Love Will Travel) [Home Recording]",509,21
"My Life / Your World",510,21
"How Many More Days?",511,21
"Insider (feat. Stevie Nicks) [Live at The Forum, 1981]",512,21
"You're Gonna Get It",513,21
"Too Much Ain't Enough",514,21
"No Second Thoughts",515,21
"Here Comes the Sun",516,21
"When U Love Somebody (iTunes Session)",517,20
"You Need Me, I Don't Need You",518,20
"Spare Me a Little of Your Love",519,20
"Monday Morning (Early Take)",520,20
"Call Me the Breeze",521,20
"Move Together (The Dark of the Morning Version)",522,20
"Chew On My Heart",523,20
"Break My Heart Right",524,20
"Talk to Me",525,20
"Stop Draggin' My Heart Around (with Tom Petty & The Heartbreakers)",526,20
"seven",527,20
"Blank Space",528,20
"You Wreck Me",529,20
"A Wasted Life",530,20
"California",531,20
"Light Up the Sky",532,20
"Yankee Bayonet (I Will Be Home Then)",533,19
"The Hazards of Love 2 (Wager All)",534,19
"Don't Carry It All",535,19
"Dear Avery",536,19
"I 4 U & U 4 Me (Home Demo)",537,19
"Dust",538,19
"While My Guitar Gently Weeps (Live From Madison Square Garden, New York, U.S.A, 1971 / 2009 Mix)",539,19
"St. Peter's Bones",540,19
"From Eden",541,19
"In a Week (feat. Karen Cowley)",542,19
"Be",543,19
"Don’t Look Back In Anger (Apple Music Home Session)",544,19
"Peer Pressure (feat. Julia Michaels)",545,19
"Angela (Live, 2016)",546,19
"Take Care of Yourself",547,19
"Climbing Mountains",548,19
"As the Crow Flies",549,19
"Evermore (Piano Instrumental)",550,19
"I Can't Wait",551,19
"seven (the long pond studio sessions)",552,19
"Come Back...Be Here (Taylor's Version)",553,19
"The Criminal Kind",554,19
"A Self Made Man",555,19
"Even the Losers (Live)",556,19
"Corrine",557,19
"Bloom",558,19
"Dance to This (feat. Ariana Grande)",559,19
"Audrey, Start the Revolution",560,18
"Why Would I Now?",561,18
"Rox In the Box",562,18
"Make You Better",563,18
"Go Your Own Way (Live)",564,18
"Blow Away",565,18
"Same Hurt",566,18
"Angel of Small Death and the Codeine Scene",567,18
"Slide",568,18
"Something In the Way She Moves",569,18
"Carolina In My Mind",570,18
"In My Head",571,18
"Audience of One",572,18
"Think About It (Alternate Version)",573,18
"Fifteen (Taylor’s Version)",574,18
"The Other Side Of The Door (Taylor’s Version)",575,18
"Don’t You (Taylor’s Version) [From The Vault]",576,18
"this is me trying (the long pond studio sessions)",577,18
"A Message From Taylor",578,18
"You Don't Know How It Feels",579,18
"the old story (feat. Emory Hall)",580,18
"You and Me and One Spotlight",581,18
"The Haunting",582,17
"Paper Thin Hymn",583,17
"Disappear",584,17
"Breathe",585,17
"Iris Valentine",586,17
"O Valencia!",587,17
"The Harrowed and the Haunted",588,17
"Of Angels and Angles",589,17
"Shape of You",590,17
"Nancy Mulligan",591,17
"Falling",592,17
"Someone New",593,17
"Cherry Wine (Live)",594,17
"Dinner & Diatribes",595,17
"Magnolia",596,17
"The Crossing",597,17
"Travel In (feat. Anne Heaton)",598,17
"White Horse (Taylor’s Version)",599,17
"this is me trying",600,17
"mad woman",601,17
"Stay Stay Stay (Taylor's Version)",602,17
"Back to December",603,17
"Wildest Dreams (Taylor's Version)",604,17
"Time to Move On",605,17
"Only a Broken Heart",606,17
"Something Big",607,17
"American Girl",608,17
"without expectation",609,17
"i remember you",610,17
"The Good Side",611,17
"Swann Song",612,16
"Cruel and Clumsy",613,16
"Wonder",614,16
"The Engine Driver",615,16
"Sons & Daughters",616,16
"I'm a Mess",617,16
"Danny's Chant",618,16
"The Chain (Live)",619,16
"Virginia (Wind In The Night)",620,16
"Sedated",621,16
"Craving",622,16
"Hold Back the River",623,16
"Seeing Stars",624,16
"Starshine",625,16
"Hey Stephen (Taylor’s Version)",626,16
"Nothing New (Taylor's Version) (From The Vault) [feat. Phoebe Bridgers]",627,16
"Sparks Fly",628,16
"Cabin Down Below",629,16
"Won't Last Long",630,16
"Straight Into Darkness (Live)",631,16
"Surrender (Live)",632,16
"Needles and Pins (feat. Stevie Nicks) [Live at The Forum, 1981]",633,16
"never gonna break your heart",634,16
"Boulder to Birmingham",635,16
"Five Becomes Four",636,16
"A Whisper & a Clamor",637,15
"Impossible",638,15
"Stationary",639,15
"Barn Song (Live At the Grey Eagle)",640,15
"3 a.m.",641,15
"Landlocked",642,15
"Porch Songs (Live)",643,15
"What a Wonderful World",644,15
"Summersong",645,15
"The Crane Wife 1 & 2",646,15
"12/17/12",647,15
"A Beginning Song",648,15
"Give Me Love",649,15
"New Man",650,15
"Dreams (Live)",651,15
"Everywhere (Live)",652,15
"Silver Springs (Live)",653,15
"World Turning (Remastered)",654,15
"The Wire",655,15
"The Steps",656,15
"Foreigner's God",657,15
"Give Me The Reason (Acoustic)",658,15
"Look At Me Now",659,15
"I Almost Do",660,15
"End of the World Again",661,15
"Gold and Braid (Unreleased Version)",662,15
"Crash Into Me (Live from Soundstage)",663,15
"betty (Live from the 2020 Academy of Country Music Awards)",664,15
"hoax",665,15
"the lakes (bonus track)",666,15
"The Last Time (Taylor's Version) [feat. Gary Lightbody]",667,15
"Mine",668,15
"The Story of Us",669,15
"About to Give Out",670,15
"Let Me Up (I've Had Enough)",671,15
"Here Comes My Girl (Live)",672,15
"Friend of the Devil (Live)",673,15
"Angel Dream (No. 2) [Live]",674,15
"Free Fallin' (Live)",675,15
"Refugee (Live at The Wiltern, 1985)",676,15
"The Best of Everything",677,15
"Listen to Her Heart",678,15
"Restless",679,15
"I Will Love You",680,15
"more than love (Sofi Tukker remix)",681,15
"Plum",682,15
"What a Heavenly Way to Die",683,15
"Paper Walls",684,15
"Naive Orleans",685,14
"Adelaide",686,14
"Symphony of Blasé'",687,14
"Day Late Friend",688,14
"Younglife",689,14
"Like Steps In a Dance",690,14
"Sweet Spot (feat. Anne Heaton)",691,14
"Sweet Spot",692,14
"Burning Bridges",693,14
"Empty Threat",694,14
"Monday Morning (Live)",695,14
"The Chain",696,14
"Monday Morning (Live)",697,14
"This Is Love",698,14
"Dandelion Wine",699,14
"Big Black Car",700,14
"Saint Valentine",701,14
"Starstruck",702,14
"Incomplete",703,14
"Need the Sun to Break (The Dark of the Morning Version)",704,14
"Fire and Rain",705,14
"Adore You",706,14
"Afterglow",707,14
"Forever & Always (Taylor’s Version)",708,14
"The Best Day (Taylor’s Version)",709,14
"Untouchable (Taylor’s Version)",710,14
"Sad Beautiful Tragic (Taylor's Version)",711,14
"Keeping Me Alive (Outtake, 1982)",712,14
"Accused of Love",713,14
"Mary Jane's Last Dance (Live)",714,14
"I Need to Know (Live at The Wiltern, 1985)",715,14
"Make It Better (Forget About Me)",716,14
"Whistle Blows",717,14
"we in a different room",718,14
"her (feat. Emory Hall)",719,14
"put down what you are carrying (feat. Brett Dennen)",720,14
"Postcard (feat. Gordi)",721,14
"Lucky Strike",722,14
"Window",723,13
"Runaways",724,13
"Renegade (feat. Taylor Swift)",725,13
"Wake Me Up",726,13
"Gold Rush (Bonus Track)",727,13
"Dive",728,13
"Still",729,13
"Your Rocky Spine",730,13
"Amsterdam",731,13
"That Sea, the Gambler",732,13
"Don't Save Me",733,13
"Running If You Call My Name",734,13
"Love We Make",735,13
"It Will Come Back",736,13
"Wasted On Each Other",737,13
"Hold Back The River",738,13
"Architecture",739,13
"Marjorie (Piano Instrumental)",740,13
"Lean In",741,13
"Rooms On Fire",742,13
"The Nightmare",743,13
"Beauty and the Beast (Remastered)",744,13
"Leather and Lace",745,13
"Change (Taylor’s Version)",746,13
"mad woman (the long pond studio sessions)",747,13
"Speak Now",748,13
"Never Grow Up",749,13
"Casa Dega (Demo)",750,13
"Louisiana Rain (Live)",751,13
"Have Love Will Travel (Live)",752,13
"The Apartment Song (Demo, 1984)",753,13
"Tom Petty and the Heartbreakers - Mystery Man",754,13
"great storm clouds",755,13
"monsoon cloud",756,13
"her (feat. Emory Hall) [East Forest remix]",757,13
"blue sky mind (extended Johnny Cosmic mix)",758,13
"Fighting",759,13
"Inevitable",760,12
"Time & Confussion",761,12
"Blame Me! Blame Me!",762,12
"Insomniac",763,12
"Song for November (Live At the Grey Eagle)",764,12
"Driving North",765,12
"Come Back Home",766,12
"Song for November",767,12
"June Hymn (iTunes Session)",768,12
"Shiny (iTunes Session)",769,12
"The Joker And The Queen (feat. Taylor Swift)",770,12
"Sing",771,12
"Tenerife Sea",772,12
"Rhiannon (Live)",773,12
"Sugar Daddy (Remastered)",774,12
"Blue Letter (Early Take)",775,12
"You Make Loving Fun",776,12
"Living Proof",777,12
"Ready For You",778,12
"Leaning On You",779,12
"Don't Show Your Weakness",780,12
"Shut Up",781,12
"Family Man",782,12
"Ride Me High",783,12
"Modern Love",784,12
"Stealing Cars",785,12
"It Ain't Me",786,12
"True North (Studio)",787,12
"Coming Up",788,12
"Leonids",789,12
"True North (feat. Rose Cousins & Edie Carey)",790,12
"Safe",791,12
"Message In a Bottle",792,12
"Better Man",793,12
"Rescue Me, Virginia",794,12
"Leather and Lace (Alternate Version)",795,12
"Leather and Lace (Live 1981)",796,12
"Alice",797,12
"If I Were You",798,12
"No Spoken Word",799,12
"Has Anyone Ever Written Anything for You",800,12
"Sometimes It's a Bitch",801,12
"Better Than Revenge",802,12
"Haunted",803,12
"Welcome To New York",804,12
"Time to Move On",805,12
"Swingin'",806,12
"A Woman In Love (It's Not Me) [Live]",807,12
"The Wild One, Forever (Live)",808,12
"Don't Bring Me Down (Live at The Paradise Theater, 1978)",809,12
"It Ain't Nothin' to Me",810,12
"Spike",811,12
"Too Much Ain't Enough",812,12
"open doors (feat. Mrs. Jamr, Clo-Bugz & Yoyo)",813,12
"more than love",814,12
"khan",815,12
"monsoon cloud (East Forest remix)",816,12
"Sweet Thing",817,12
"Never Take Friendship Personal",818,11
"Vertigo (feat. Natalia Zukerman)",819,11
"Barn Song (Live)",820,11
"Foregone",821,11
"Bad Habits",822,11
"Autumn Leaves (Bonus Track)",823,11
"I Will Remember You",824,11
"Here Comes The Sun (Live From Madison Square Garden, New York, U.S.A, 1971 / 2009 Mix)",825,11
"Through to Sunrise",826,11
"Everything Is Moving So Fast",827,11
"Liars",828,11
"Master & a Hound",829,11
"In My Head",830,11
"Wild Love (Acoustic)",831,11
"Details",832,11
"Personal Best",833,11
"Lunar Years",834,11
"Fifteen",835,11
"The Best Day",836,11
"We Are Never Ever Getting Back Together",837,11
"I Knew You Were Trouble",838,11
"Promise",839,11
"Nothing Else Matters",840,11
"Fall On My Knees",841,11
"Winter Is Coming",842,11
"New Orleans",843,11
"Kick It",844,11
"willow",845,11
"It's Good to Be King",846,11
"To Find a Friend",847,11
"A Higher Place",848,11
"California (Home Recording)",849,11
"Handle With Care (feat. Jeff Lynne & Dhani Harrison) [Live]",850,11
"Even the Losers",851,11
"You Tell Me",852,11
"Refugee (Live)",853,11
"Crawling Back to You (Live)",854,11
"So You Want to Be a Rock & Roll Star (Live at The Wiltern, 1985)",855,11
"Breakdown (Live at The Wiltern, 1985)",856,11
"Walls (No. 3)",857,11
"my own",858,11
"Keeper",859,11
"Here I Am Alive",860,11
"Alexithymia",861,10
"The Unwinding Cable Car",862,10
"Inevitable",863,10
"Stationary Stationery",864,10
"Calm, Calm, Calm Yourself",865,10
"Merry-Go-Round",866,10
"Swann Song (Live At the Iron Horse)",867,10
"Play With Fire",868,10
"The Hazards of Love 4 (The Drowned) [iTunes Session]",869,10
"How Would You Feel (Paean)",870,10
"Supermarket Flowers",871,10
"One",872,10
"Gold Dust Woman",873,10
"Silver Springs",874,10
"My Sweet Lord (2020 Mix)",875,10
"Something (Live From Madison Square Garden, New York, U.S.A, 1971 / 2009 Mix)",876,10
"Go Slow",877,10
"I Know Alone",878,10
"Enemy Lines",879,10
"When We Were on Fire (The Dark of the Morning Version)",880,10
"Stand Up",881,10
"Nowhere",882,10
"Good Day to Die",883,10
"America (Enough)",884,10
"Intro to This Year",885,10
"Osa",886,10
"Willow (Piano Instrumental)",887,10
"Gold Rush (Piano Instrumental)",888,10
"Long Story Short (Piano Instrumental)",889,10
"You Belong With Me",890,10
"Come In With the Rain",891,10
"Illicit Affairs (Piano Instrumental)",892,10
"good 4 u",893,10
"Novels of Acquaintance",894,10
"Find Your Way",895,10
"Falling",896,10
"Seven Bridges Road",897,10
"Moonlight (A Vampire's Dream)",898,10
"Juliet",899,10
"You’re Not Sorry (Taylor’s Version)",900,10
"The Way I Loved You (Taylor’s Version)",901,10
"Superstar (Taylor’s Version)",902,10
"Hard On Me",903,10
"To Find a Friend (Home Recording)",904,10
"I Need You (Live)",905,10
"Here Comes My Girl",906,10
"Century City",907,10
"Don't Do Me Like That",908,10
"Casa Dega (Single Version)",909,10
"All the Wrong Reasons",910,10
"Breakdown (Live)",911,10
"Something In the Air (Live)",912,10
"Drivin' Down to Georgia (Live)",913,10
"Jammin' Me (Live)",914,10
"American Girl (Live)",915,10
"Baby's a Rock 'N' Roller",916,10
"Animal",917,10
"Step",918,10
"Way Away",919,10
"Ocean Avenue",920,10
"Shrink the World",921,10
"Date Line (I Am Gone)",922,10
"Dear Bobbie",923,10
"The Unwinding Cable Car",924,9
"Take Me (As You Found Me)",925,9
"Godspeed",926,9
"Adelaide",927,9
"A Whisper & a Clamor",928,9
"Alexithymia",929,9
"Miserabile visu (Ex malo bonum)",930,9
"Soft Skeletons",931,9
"Josephine",932,9
"High Enough to Carry You Over",933,9
"Down Side of Me",934,9
"Playing Dead",935,9
"Drunk",936,9
"U.N.I.",937,9
"This",938,9
"The City",939,9
"Little Bird (Bonus Track)",940,9
"Nina",941,9
"Silver Springs (Advanced Resolution Stereo Version)",942,9
"Rhiannon (Early Take)",943,9
"Unwritable Girl",944,9
"You Never Knew",945,9
"Summer Girl (Bonus Track)",946,9
"Paradigm",947,9
"Love Me Still",948,9
"Run (Bonus Track)",949,9
"Clocks Go Forward",950,9
"Bad",951,9
"Rescue",952,9
"Shower the People",953,9
"Southbound Train",954,9
"Behind Your Eyes",955,9
"When It Rains",956,9
"Making You a Place",957,9
"Can You Tell Me",958,9
"Blessed",959,9
"Travel In",960,9
"'Tis the Damn Season (Piano Instrumental)",961,9
"Champagne Problems (Piano Instrumental)",962,9
"Ivy (Piano Instrumental)",963,9
"Mad Woman (Piano Instrumental)",964,9
"The Lucky One",965,9
"Everything Has Changed (Extended Wedding Version)",966,9
"All Too Well (10 Minute Version)",967,9
"brutal",968,9
"Story of My Life",969,9
"Through the Dark",970,9
"Winter Is Here",971,9
"Ready To Fall",972,9
"Speak Out (feat. Ani DiFranco)",973,9
"Rivermouth",974,9
"An Invitation",975,9
"Condensation (Interlude)",976,9
"Get to Work",977,9
"After the Glitter Fades (Live 1981)",978,9
"the lakes (the long pond studio sessions)",979,9
"Wake Up Time",980,9
"Leave Virginia Alone",981,9
"California",982,9
"Wake Up Time (Live)",983,9
"Refugee",984,9
"Shadow of a Doubt (A Complex Kid)",985,9
"This One's for Me",986,9
"No More",987,9
"I'm a Man (Live)",988,9
"Dreamville (Live)",989,9
"Any Way You Want It (Live)",990,9
"Square One (Live)",991,9
"Alright for Now (Live)",992,9
"Mary's New Car",993,9
"2009",994,9
"Shadows and Regrets",995,9
"Afraid",996,9
"Gifts and Curses (Live) [Acoustic]",997,9
"Godspeed",998,8
"Uncanny",999,8
"Hello Alone",1000,8
"The Feel Good Drag",1001,8
"The Resistance",1002,8
"Haight Street (Intro)",1003,8
"Paperthin Hymn",1004,8
"Wilder (We're Chained)",1005,8
"Hold It Together (Studio Version)",1006,8
"Small Bump",1007,8
"Runaway",1008,8
"The Man",1009,8
"Small Bump (Live From Wembley Stadium)",1010,8
"Rangers",1011,8
"Landslide (Live)",1012,8
"Landslide (Early Version)",1013,8
"Sara (Live)",1014,8
"Dreams (Live)",1015,8
"What Is Life (2020 Mix)",1016,8
"All Those Years Ago",1017,8
"Where You Gonna Go",1018,8
"Tiebreaker",1019,8
"Taking My Time (Wrong Woman)",1020,8
"Shadows",1021,8
"GTFU",1022,8
"In the Woods Somewhere (Bonus Track)",1023,8
"Sanctuary",1024,8
"Pluto",1025,8
"Trouble (Apple Music Home Session)",1026,8
"I Found You",1027,8
"Sugar Drunk High",1028,8
"Never Die Young",1029,8
"Favourite Ex",1030,8
"All My Doors",1031,8
"True North (Live)",1032,8
"Ready",1033,8
"Whole Bird",1034,8
"Intro",1035,8
"This Year",1036,8
"Weightless",1037,8
"Girl's Song (feat. Tessa Hutchinson)",1038,8
"Ready",1039,8
"Home",1040,8
"Cowboy like Me (Piano Instrumental)",1041,8
"No Body, No Crime (Piano Instrumental)",1042,8
"Tell Me Why",1043,8
"Change",1044,8
"Untouchable",1045,8
"Superstar",1046,8
"Nothing New",1047,8
"Forever Winter",1048,8
"Treacherous",1049,8
"1 step forward, 3 steps back",1050,8
"Hairline Fracture",1051,8
"Harmonize",1052,8
"Love Her in the Mornin'",1053,8
"Sadjuna",1054,8
"Worn Wool, Soft Leather",1055,8
"Walk This Way for Awhile (Live)",1056,8
"Wide Sargasso Sea",1057,8
"Stars",1058,8
"Keeping Me Awake",1059,8
"Sister Nebraska",1060,8
"Tell Me Why (Taylor’s Version)",1061,8
"That’s When (Taylor’s Version) [From The Vault] [feat. Keith Urban]",1062,8
"Dear John",1063,8
"Innocent",1064,8
"Long Live",1065,8
"Sparks Fly",1066,8
"Crawling Back to You",1067,8
"You Wreck Me",1068,8
"To Find a Friend",1069,8
"Wake Up Time",1070,8
"Wake Up Time (Home Recording)",1071,8
"Time to Move On (Live)",1072,8
"What Are You Doin' In My Life?",1073,8
"Louisiana Rain",1074,8
"Surrender",1075,8
"Into the Great Wide Open",1076,8
"Two Gunslingers",1077,8
"Rockin' Around (With You) [Live at The Irvine Meadows Amphitheater, 1983]",1078,8
"You Got Lucky (Live at The Wiltern, 1985)",1079,8
"Hope On Board",1080,8
"Honey Bear",1081,8
"my god",1082,8
"walking through the door",1083,8
"my god (Urani and Fox dub)",1084,8
"To Zion",1085,8
"Old Churchyard",1086,8
"Only One",1087,8
"Hello Alone",1088,7
"There Is No Mathematics to Love and Loss",1089,7
"Dismantle. Repair.",1090,7
"Breaking",1091,7
"Soft Skeletons (Intro)",1092,7
"Never Take Friendship Personal",1093,7
"(The Symphony of) Blasé",1094,7
"A Day Late",1095,7
"Blur",1096,7
"Wedding / Funeral",1097,7
"Sleep. When We Die.",1098,7
"Lights",1099,7
"Wherever is Your Heart",1100,7
"The Eye",1101,7
"The Things I Regret",1102,7
"Beginning to Feel the Years",1103,7
"California",1104,7
"Come Back Home (feat. Peter Mulvey) [Live]",1105,7
"Grey",1106,7
"Afterall",1107,7
"It's All Good",1108,7
"I Will Follow You Into the Dark",1109,7
"Row Jimmy",1110,7
"Grade 8",1111,7
"Lego House",1112,7
"Kiss Me",1113,7
"What Do I Know?",1114,7
"Bibia Be Ye Ye",1115,7
"Save Myself",1116,7
"All of the Stars",1117,7
"Temporary One (Live)",1118,7
"My Little Demon (Live)",1119,7
"Say You Love Me (Single Version) [Remastered]",1120,7
"Say You Love Me (Live)",1121,7
"Don't Let Me Down Again (Live)",1122,7
"If I Go, I'm Goin",1123,7
"Forever",1124,7
"Highwomen",1125,7
"Redesigning Women",1126,7
"If She Ever Leaves Me",1127,7
"Under the Sun",1128,7
"Bad (Live at Round Chapel, London)",1129,7
"Move Together",1130,7
"Brilliant Still",1131,7
"One Life (Acoustic)",1132,7
"Hold Back the River (Live At The Hotel Cafe/2014)",1133,7
"Sweet Baby James",1134,7
"The Cure For Pain",1135,7
"Behind Your Eyes",1136,7
"The List (Apple Music Home Session)",1137,7
"Fade into You",1138,7
"Vanishing Points",1139,7
"Sum of This",1140,7
"Walk to It",1141,7
"You're Not Sorry",1142,7
"The Way I Loved You",1143,7
"Jump Then Fall",1144,7
"The Other Side of the Door",1145,7
"22",1146,7
"Ghosting",1147,7
"deja vu",1148,7
"Counting Stars",1149,7
"A Game I Like to Play",1150,7
"I Believe in Being Ready",1151,7
"Shed Your Grace (feat. Trevor Hall)",1152,7
"Sunny Days",1153,7
"Synchronicity",1154,7
"It's Only Life",1155,7
"Time to Rest",1156,7
"Sleeping Angel (From ""Fast Times At Ridgemont High"")",1157,7
"Edge of Seventeen",1158,7
"Whole Lotta Trouble",1159,7
"I Still Miss Someone (Blue Eyes)",1160,7
"Angel (Live) [Remaster]",1161,7
"Rooms On Fire",1162,7
"Bye Bye Baby (Taylor’s Version) [From The Vault]",1163,7
"Mr. Perfectly Fine (Taylor’s Version) [From The Vault]",1164,7
"Where Does the Good Go",1165,7
"A Higher Place",1166,7
"Crawling Back to You (Home Recording)",1167,7
"Only a Broken Heart (Home Recording)",1168,7
"Hung Up and Overdue (Home Recording)",1169,7
"Drivin' Down to Georgia (Live)",1170,7
"Don't Do Me Like That (Live)",1171,7
"Somethin' Else (Live)",1172,7
"One More Day, One More Night",1173,7
"All or Nothin'",1174,7
"Built to Last",1175,7
"A Thing About You (Live)",1176,7
"Southern Accents (Live)",1177,7
"Thundercloud Breaks",1178,7
"Kiss Me Like a Stranger",1179,7
"my god (Alborosie dub)",1180,7
"Cut Me, Mick",1181,7
"There Is No Mathematics To Love and Loss",1182,6
"We Owe This to Ourselves",1183,6
"Pray Tell",1184,6
"Impossible (Video)",1185,6
"Enjoy the Silence",1186,6
"There Is a Light That Never Goes Out",1187,6
"Inevitable (AOL Sessions)",1188,6
"Reclusion",1189,6
"(*Fin)",1190,6
"Dance, Dance Christa Paffgen",1191,6
"Burn Out Brighter (Northern Lights)",1192,6
"Haight Street",1193,6
"Rust (The Short Story of Mary Agnosia)",1194,6
"Introspect",1195,6
"Sheet Music / Sheet Music",1196,6
"Across the Universe (2021 Mix)",1197,6
"Blood Muscle Skin & Bone",1198,6
"I Belong to You",1199,6
"Right on Time",1200,6
"And Then You Kissed Me",1201,6
"Unwelcome",1202,6
"Cynical",1203,6
"Intro",1204,6
"Barn Song",1205,6
"Sunburn (Bonus Track)",1206,6
"Afire Love",1207,6
"Take It Back",1208,6
"Shirtsleeves",1209,6
"I'm So Afraid (Live)",1210,6
"I'm So Afraid (Remastered)",1211,6
"Blue Letter (Live at Capitol Theatre, Passaic, NJ, 10/17/1975)",1212,6
"Dreams (Live)",1213,6
"Landslide (Live)",1214,6
"One More Night (Live)",1215,6
"Go Your Own Way (Live)",1216,6
"Blue Letter (Live at the Forum, Los Angeles, CA October 21-22, 1982)",1217,6
"Oh Daddy",1218,6
"Intro (Live)",1219,6
"Cheer Down (2009 Mix)",1220,6
"Loose Change",1221,6
"Crowded Table",1222,6
"My Name Can't Be Mama",1223,6
"Jackboot Jump (Live)",1224,6
"Momentary (The Dove Sessions)",1225,6
"If You Ever Want to Be in Love",1226,6
"Scars",1227,6
"Hear Your Heart",1228,6
"Country Road",1229,6
"Across the Universe",1230,6
"Learning How To Die",1231,6
"In My Arms",1232,6
"I Am Still Running",1233,6
"Helicopter",1234,6
"Let Me Just",1235,6
"Osa",1236,6
"Everything Familiar",1237,6
"Pleasant Street",1238,6
"Buildings and Bridges",1239,6
"Intro to True North",1240,6
"Let's Go",1241,6
"Hard to Change",1242,6
"At First It Was Fun",1243,6
"Dorothea (Piano Instrumental)",1244,6
"Hey Stephen",1245,6
"Breathe",1246,6
"The 1 (Piano Instrumental)",1247,6
"My Tears Ricochet (Piano Instrumental)",1248,6
"Babe",1249,6
"The Very First Night",1250,6
"Dreams of Flying",1251,6
"Beautiful Blue",1252,6
"Beautiful World",1253,6
"enough for you",1254,6
"If I Lose Myself",1255,6
"I Lived",1256,6
"Burning Bridges (Acoustic)",1257,6
"Air for Free",1258,6
"Cuckoo",1259,6
"Sometimes I...",1260,6
"Medicine",1261,6
"Lay It All on Me (feat. Ed Sheeran)",1262,6
"Milo",1263,6
"Every Song Is a Love Song",1264,6
"Waiting in the Dark",1265,6
"With It All Stripped Away (Live)",1266,6
"The Cuckoo (Live)",1267,6
"Red Wing (Live)",1268,6
"Sing Me Like a Folk Song (Live)",1269,6
"Sing Me Like a Folk Song",1270,6
"How Still My Love (Alternate Version)",1271,6
"Outside the Rain (Live 1981)",1272,6
"Talk to Me",1273,6
"Docklands",1274,6
"Stop Draggin' My Heart Around (With Tom Petty & The Heartbreakers)",1275,6
"Stand Back",1276,6
"If You Were My Love",1277,6
"Belle Fleur",1278,6
"Caroline Avenue",1279,6
"Cornelia Street (Live From Paris)",1280,6
"Today Was A Fairytale (Taylor’s Version)",1281,6
"You All Over Me (Taylor’s Version) [From The Vault] [feat. Maren Morris]",1282,6
"That’s When (Taylor’s Version) [From The Vault] [feat. Keith Urban]",1283,6
"willow (moonlit witch version)",1284,6
"Don't Fade On Me",1285,6
"There Goes Angela (Dream Away) [Home Recording]",1286,6
"Leave Virginia Alone (Home Recording)",1287,6
"A Higher Place (Home Recording)",1288,6
"To Find a Friend (Live)",1289,6
"Walls (Live)",1290,6
"You Wreck Me (Live)",1291,6
"Billy the Kid",1292,6
"I Don't Wanna Fight",1293,6
"Too Good to Be True",1294,6
"Out In the Cold",1295,6
"Nightwatchman (Live)",1296,6
"I Want You Back Again (Live)",1297,6
"Runnin' Down a Dream (Live)",1298,6
"My Life / Your World (Live)",1299,6
"Southern Accents (Live at The Wiltern, 1985)",1300,6
"Christmas All Over Again",1301,6
"Strongest Wind Blows",1302,6
"You Are Here",1303,6
"Breathing",1304,6
"Believe",1305,6
"The Takedown",1306,6
"Song for You",1307,5
"Dismantle.Repair.",1308,5
"Closer",1309,5
"Art of War",1310,5
"Down",1311,5
"Depraved",1312,5
"Downtown Song",1313,5
"Baby Please Come Home",1314,5
"A Heavy Hearted Work of Staggering Genius",1315,5
"Retrace",1316,5
"Breathe",1317,5
"The Runaways",1318,5
"Time & Confusion",1319,5
"Summer Tongues",1320,5
"Forget Love, I Just Want You to Make Sense to Me Tonight",1321,5
"Bones",1322,5
"Phoenix (feat. Fleet Foxes & Anaïs Mitchell)",1323,5
"Surrender",1324,5
"Heroes and Songs",1325,5
"Murder in the City",1326,5
"You and Me On The Rock (feat. Lucius)",1327,5
"When You’re Wrong",1328,5
"Astral Plane (feat. Stuart Duncan)",1329,5
"Holy",1330,5
"Betting on the Races",1331,5
"Cabin Fever",1332,5
"Momentary Thief",1333,5
"Brady Street",1334,5
"Calamity Song",1335,5
"Rise to Me",1336,5
"Across the Universe",1337,5
"Bleed to Love Her (Live)",1338,5
"You Make Loving Fun (Live)",1339,5
"Tusk (Live)",1340,5
"Don't Stop (Live)",1341,5
"Over My Head (Single Version) [Remastered]",1342,5
"Warm Ways (Early Take)",1343,5
"Over My Head (Live)",1344,5
"Rhiannon (Live)",1345,5
"Only Over You",1346,5
"Don't Stop (Live)",1347,5
"Go Your Own Way (Live)",1348,5
"I Don't Want To Do It (2009 Mix)",1349,5
"If I Could Change Your Mind",1350,5
"Want You Back",1351,5
"Nothing's Wrong",1352,5
"Something To Tell You",1353,5
"My Only Child",1354,5
"Call the Doctor",1355,5
"Clyde",1356,5
"Crazy Mama",1357,5
"Pluto (The Dove Sessions)",1358,5
"Let It Go",1359,5
"Best Fake Smile",1360,5
"Wait in Line",1361,5
"Craving (Acoustic Version)",1362,5
"Running",1363,5
"Her Town Too",1364,5
"You Can Close Your Eyes (Live)",1365,5
"The Middle",1366,5
"Southbound Train",1367,5
"Southbound Train (Live)",1368,5
"Self-Preservation",1369,5
"Epilogue: Paradiso",1370,5
"San Andreas",1371,5
"More",1372,5
"Quite the Way",1373,5
"How Many Miles",1374,5
"All the Leaving",1375,5
"Intro to Osa",1376,5
"Closure (Piano Instrumental)",1377,5
"Right Where You Left Me (Piano Instrumental)",1378,5
"Love Story",1379,5
"Forever & Always",1380,5
"Betty (Piano Instrumental)",1381,5
"Mirrorball (Piano Instrumental)",1382,5
"This Is Me Trying (Piano Instrumental)",1383,5
"Peace (Piano Instrumental)",1384,5
"Stay Stay Stay",1385,5
"Trailer",1386,5
"I Forgive It All",1387,5
"Pink Light",1388,5
"Feel Again",1389,5
"Preacher",1390,5
"Keep Us",1391,5
"A Song of Ice and Fire",1392,5
"Make Magic",1393,5
"Sassafras",1394,5
"Resilient (Full Band)",1395,5
"Swoon Remixed",1396,5
"Cripple Creek",1397,5
"Wider Circles",1398,5
"Stromboli",1399,5
"Take Me Away",1400,5
"Old Guitar",1401,5
"Promised Land",1402,5
"Riverside (Live)",1403,5
"Love You Like I Should / Dragging Your Heels (Live)",1404,5
"Second of May (Live)",1405,5
"Long Way to Go (Live)",1406,5
"Sing Me Like a Folk Song",1407,5
"Gold Dust Woman (Live 1981)",1408,5
"How Still My Love (Live 1981)",1409,5
"I Can't Wait",1410,5
"Landslide (Live with the Melbourne Symphony, 2006)",1411,5
"Stand Back",1412,5
"Doing the Best I Can (Escape from Berlin)",1413,5
"Sara (Live from Soundstage)",1414,5
"Crystal (Remaster)",1415,5
"Blue Denim",1416,5
"Greta",1417,5
"Destiny",1418,5
"Rose Garden",1419,5
"I Need To Know (Live)",1420,5
"Leather and Lace",1421,5
"All Too Well (10 Minute Version) (Taylor's Version) [Live Acoustic]",1422,5
"Don’t You (Taylor’s Version) [From The Vault]",1423,5
"Bye Bye Baby (Taylor’s Version) [From The Vault]",1424,5
"Mean",1425,5
"Enchanted",1426,5
"Down South",1427,5
"Big Weekend",1428,5
"Night Driver",1429,5
"Honey Bee",1430,5
"You Don't Know How It Feels",1431,5
"Something Could Happen",1432,5
"You Don't Know How It Feels (Home Recording)",1433,5
"A Feeling of Peace (Home Recording)",1434,5
"Crawling Back to You (Live)",1435,5
"Louisiana Rain (Alternate Version, 1979)",1436,5
"Gainesville (Outtake, 1998)",1437,5
"Down South",1438,5
"Southern Accents (Live at Stephen C. O'Connell Center, Gainesville, FL, 9/21/06)",1439,5
"Refugee (Alternate Take)",1440,5
"Rhino Skin",1441,5
"I Just Want to Make Love to You (Live)",1442,5
"Lost Without You (Live)",1443,5
"Diddy Wah Diddy (Live)",1444,5
"I Won't Back Down (Live)",1445,5
"It Ain't Nothin' to Me (Live at The Wiltern, 1985)",1446,5
"Angel Dream (No. 2)",1447,5
"When I Reach the Place I'm Going",1448,5
"Last Night",1449,5
"fire on your house",1450,5
"Bird Song",1451,5
"Light of a Clear Blue Morning",1452,5
"Firecracker",1453,5
"Back Home",1454,5
"Chasing Stars (feat. James Bay) [VIP Mix]",1455,4
"Song for You",1456,4
"(Début)",1457,4
"(*Fin)",1458,4
"You Belong Here",1459,4
"To the Wolves",1460,4
"All We Have",1461,4
"Like a Rolling Stone",1462,4
"Naive Orleans (Acoustic)",1463,4
"The Unwinding Cable Car (AOL Sessions)",1464,4
"A Perfect Tourniquet",1465,4
"Blame Me! Blame Me! (Intro)",1466,4
"Blame Me! Blame Me!",1467,4
"Feel Good Drag",1468,4
"Disappear",1469,4
"Audrey, Start the Revolution!",1470,4
"Sing Out",1471,4
"Keep Dancin'",1472,4
"Across the Universe",1473,4
"Old Pine",1474,4
"Not About Angels",1475,4
"Little Blue",1476,4
"Voyager",1477,4
"The Otherside",1478,4
"Lighthouse",1479,4
"Hard Way Home",1480,4
"Every Time I Hear That Song",1481,4
"The Joke",1482,4
"Mainstream Kid",1483,4
"Alibi",1484,4
"The Stranger at My Door",1485,4
"Dreams",1486,4
"This Time Tomorrow",1487,4
"Broken Horses",1488,4
"Letter To The Past",1489,4
"Mama Werewolf",1490,4
"Stay Gentle",1491,4
"Sinners, Saints and Fools",1492,4
"Throwing Good After Bad",1493,4
"Have You Ever",1494,4
"Silver Droplet",1495,4
"Back in the Ring",1496,4
"Blind Man's Waltz",1497,4
"Holy (Live)",1498,4
"Wayside - Back In Time",1499,4
"Bury It",1500,4
"June Hymn",1501,4
"English Rose",1502,4
"Over My Head (Early Take)",1503,4
"Silver Springs (Live)",1504,4
"Little of Your Love",1505,4
"Kept Me Crying",1506,4
"Found It In Silence",1507,4
"Right Now",1508,4
"Summer Girl (Bonus Track)",1509,4
"From Eden",1510,4
"Bringing It Back",1511,4
"Get Out While You Can",1512,4
"Need the Sun to Break",1513,4
"Running",1514,4
"Chew On My Heart (Acoustic)",1515,4
"Handy Man",1516,4
"Copperline",1517,4
"Sweet Thing (Live)",1518,4
"Rowing",1519,4
"The Dreams That Stuff Is Made Of",1520,4
"The Stairs",1521,4
"Rowing - Alternative Version",1522,4
"Five Hundred Miles",1523,4
"Feels Like This",1524,4
"Glowing Review",1525,4
"Any Given Day",1526,4
"Beyond That",1527,4
"Turned To You",1528,4
"Everything More Beautiful",1529,4
"Somewhere",1530,4
"Come Up Full",1531,4
"My Best",1532,4
"Small Bodies",1533,4
"Blessed",1534,4
"How to Be a Poet",1535,4
"Outro",1536,4
"I'd Like to Know",1537,4
"Making You a Place",1538,4
"True North",1539,4
"Coney Island (Piano Instrumental)",1540,4
"It's Time to Go (Piano Instrumental)",1541,4
"White Horse",1542,4
"Cardigan (Piano Instrumental)",1543,4
"The Last Great American Dynasty (Piano Instrumental)",1544,4
"Exile (Piano Instrumental)",1545,4
"The Lakes (Piano Instrumental)",1546,4
"Seven (Piano Instrumental)",1547,4
"jealousy, jealousy",1548,4
"Fare Thee Well (Dink's Song)",1549,4
"Main Title (From Game of Thrones: Season 8)",1550,4
"Arrival at Winterfell",1551,4
"Flight of Dragons",1552,4
"Heir to the Throne",1553,4
"A Knight of the Seven Kingdoms",1554,4
"Nothing Else Matters",1555,4
"The Iron Throne",1556,4
"Seasons Of Love",1557,4
"One Song Glory",1558,4
"Indigo Dance (feat. Maurice Turner)",1559,4
"SuNu",1560,4
"Caminando Remixed",1561,4
"Spirit's Cradle",1562,4
"Bright Morning Stars / Botawak",1563,4
"Middle Distance Runner",1564,4
"So Lonely",1565,4
"Heaven Don't Come by Here",1566,4
"Mountains Quake",1567,4
"At Long Last (Live)",1568,4
"With It All Stripped Away (Live)",1569,4
"Mountains Quake (Live)",1570,4
"To the Wild",1571,4
"Sorcerer",1572,4
"If Anyone Falls In Love",1573,4
"Dreams (with Deep Dish)",1574,4
"Annabel Lee",1575,4
"Circle Dance (Live) [Remaster]",1576,4
"Maybe Love Will Change Your Mind",1577,4
"Jane",1578,4
"Mabel Normand",1579,4
"24 Karat Gold",1580,4
"Street Angel",1581,4
"Treacherous (Original Demo Recording)",1582,4
"Last Kiss",1583,4
"Mine (US Version)",1584,4
"Back to December (US Version)",1585,4
"The Story of Us (US Version)",1586,4
"Better Than Revenge",1587,4
"Long Live",1588,4
"Mine",1589,4
"willow",1590,4
"Flirting with Time",1591,4
"This Old Town",1592,4
"House In the Woods",1593,4
"Only a Broken Heart",1594,4
"Hard On Me",1595,4
"Crawling Back to You",1596,4
"Harry Green",1597,4
"Somewhere Under Heaven",1598,4
"Honey Bee (Live)",1599,4
"House In the Woods (Live)",1600,4
"Anything That's Rock 'N' Roll (Live at Capitol Studios, Hollywood, CA, 11/11/77)",1601,4
"Clear the Aisles (Live at the Forum, Inglewood, CA, 6/28/81)",1602,4
"Deliver Me (Alternate Version, 1982)",1603,4
"Saving Grace (Live at Malibu Performing Arts Center, Malibu, CA, 7/26/06)",1604,4
"Angel Dream (No. 2)",1605,4
"For Real",1606,4
"Nowhere",1607,4
"Ladies and Gentlemen... (Live)",1608,4
"I'm In Love (Live)",1609,4
"It's Good to Be King (Live)",1610,4
"Mary Jane's Last Dance (Live from Gainsville)",1611,4
"Angel Dream (No. 4)",1612,4
"Hope You Never",1613,4
"Adrienna Valentine",1614,4
"Shady Grove",1615,4
"All In Due Time",1616,4
"Mona Louise",1617,4
"Apocalypse Lullaby",1618,4
"Long Time Traveller",1619,4
"Some Good Thing",1620,4
"Miles Apart",1621,4
"One Year, Six Months",1622,4
"Bombers",1623,4
"The Imitation Game",1624,3
"Enigma",1625,3
"Alan",1626,3
"U-Boats",1627,3
"Carrots and Peas",1628,3
"Mission",1629,3
"Crosswords",1630,3
"Night Research",1631,3
"Running",1632,3
"A Different Equation",1633,3
"Alan Turing's Legacy",1634,3
"Slumber My Darling",1635,3
"Reclusion",1636,3
"Godspeed (Live)",1637,3
"I'd Like To Die (Live)",1638,3
"Naive Orleans (Live)",1639,3
"Impossible (Live)",1640,3
"Dismantle. Repair (Acoustic)",1641,3
"The Promise",1642,3
"Paperthin Hymn (Live)",1643,3
"Disappear (Intro)",1644,3
"Younglife",1645,3
"The Feel Good Drag",1646,3
"Detroit Stab",1647,3
"Lower East Side",1648,3
"Live Fast. Die Young.",1649,3
"Chances",1650,3
"Summer",1651,3
"Still Looking",1652,3
"A Story Untold",1653,3
"And Life Goes on",1654,3
"The Kite Flyer",1655,3
"Latter Days (feat. Anaïs Mitchell)",1656,3
"Reese",1657,3
"Birch (feat. Taylor Swift)",1658,3
"The Ghost of Cincinnati",1659,3
"Hoping Then",1660,3
"Easy to Sabotage (feat. Naeem)",1661,3
"Hutch (feat. Sharon Van Etten, Lisa Hannigan & Shara Nova)",1662,3
"8:22am (feat. La Force)",1663,3
"Magnolia",1664,3
"June's a River (feat. Ben Howard & This Is the Kit)",1665,3
"Brycie",1666,3
"New Auburn (feat. Anaïs Mitchell)",1667,3
"The District Sleeps Alone Tonight",1668,3
"Hold Out Your Hand",1669,3
"The Mother",1670,3
"Whatever You Do",1671,3
"Fulton County Jane Doe",1672,3
"Looking Out",1673,3
"That Year",1674,3
"Before It Breaks",1675,3
"I Will",1676,3
"Where You Lead I Will Follow",1677,3
"Fulcrum",1678,3
"Wallfacer",1679,3
"Wading in the Stream",1680,3
"Silent Moivie",1681,3
"Tinder",1682,3
"Broken Clock (Live At Daytrotter)",1683,3
"Dryland",1684,3
"August 28th",1685,3
"Song for November (Live)",1686,3
"Betting on the Races (Live)",1687,3
"Afterglow",1688,3
"All Arise!",1689,3
"Barcelona",1690,3
"Parting Glass (Live From Wembley Stadium)",1691,3
"Beware of Darkness (Live)",1692,3
"Say You Love Me (Live)",1693,3
"Oh Well, Pt. 1 (Live)",1694,3
"Over & Over (Live)",1695,3
"Never Going Back Again (Live)",1696,3
"Fireflies (Live)",1697,3
"Don't Stop (Live)",1698,3
"Woman of 1000 Years",1699,3
"Morning Rain",1700,3
"What a Shame",1701,3
"Future Games",1702,3
"Landslide (Live)",1703,3
"Empire State",1704,3
"Hold Me",1705,3
"Songbird (Live)",1706,3
"The Ledge",1707,3
"What Makes You Think You're the One",1708,3
"Not That Funny",1709,3
"Honey Hi",1710,3
"Seven Wonders",1711,3
"All Will Be Well",1712,3
"Dawn",1713,3
"Rising Sun",1714,3
"Marwa Blues",1715,3
"Honey & I",1716,3
"Walking Away",1717,3
"Old Soul",1718,3
"Don't Call Me",1719,3
"Heaven Is a Honky Tonk",1720,3
"Don't Go to Strangers",1721,3
"Woman I Love",1722,3
"River Runs Deep",1723,3
"Crying Eyes",1724,3
"Only You",1725,3
"Momentary",1726,3
"Little Queen (OurVinyl Sessions)",1727,3
"When We Were on Fire",1728,3
"Collide",1729,3
"Chew On My Heart (Madism Remix)",1730,3
"Interlude",1731,3
"Everybody Needs Someone",1732,3
"Let It Go (Live)",1733,3
"Wait In Line",1734,3
"Peer Pressure (feat. Julia Michaels) [Acoustic]",1735,3
"Pink Lemonade (Acoustic)",1736,3
"Us",1737,3
"Up On the Roof",1738,3
"Everyday",1739,3
"Give Me Love (Give Me Peace On Earth) [Live]",1740,3
"That's the Way It Goes (Live)",1741,3
"Collapsing Inwards",1742,3
"The Origins of Time",1743,3
"The Wedding",1744,3
"A Brief History of Time",1745,3
"Enough for You",1746,3
"Milhouse",1747,3
"Emily's Reel",1748,3
"Misty Moonlight Waltz",1749,3
"Caprice for Three",1750,3
"Song To Ophelia",1751,3
"Remembrance",1752,3
"Song for Jeffrey Lucey",1753,3
"Intro to Girl's Song",1754,3
"Gatekeeper",1755,3
"Simply",1756,3
"Every Seven Years",1757,3
"Hard to Change",1758,3
"Being Happy",1759,3
"See Me Now",1760,3
"Full of Light",1761,3
"Tolerate It (Piano Instrumental)",1762,3
"Today Was a Fairytale",1763,3
"Hoax (Piano Instrumental)",1764,3
"Scare Easy",1765,3
"The Other Side of the Mountain",1766,3
"Outro",1767,3
"Silk Chiffon (feat. Phoebe Bridgers)",1768,3
"traitor",1769,3
"happier",1770,3
"favorite crime",1771,3
"hope ur ok",1772,3
"The Longer I Run",1773,3
"Los Angeles",1774,3
"Jenny of Oldstones",1775,3
"The Battle of Winterfell",1776,3
"The Dead are Already Here",1777,3
"Battle for the Skies",1778,3
"The Long Night, Pt. 1",1779,3
"The Long Night, Pt. 2",1780,3
"The Night King",1781,3
"Dead Before the Dawn",1782,3
"Not Today",1783,3
"Farewell",1784,3
"Outside the Gates",1785,3
"The Bells",1786,3
"The Last War",1787,3
"Into the Fire",1788,3
"For Cersei",1789,3
"Believe",1790,3
"Stay a Thousand Years",1791,3
"Master of War",1792,3
"Be with Me",1793,3
"The White Book",1794,3
"Rent",1795,3
"Across the Blue Ridge Mountains",1796,3
"Army of None",1797,3
"You and I Are Falling, You and I Are Free",1798,3
"Oh Death",1799,3
"Ram's Head",1800,3
"Bavarian Porcelain",1801,3
"Cedarsmoke",1802,3
"Whitewoods",1803,3
"Whatever You Say, Say Nothing",1804,3
"Twilight",1805,3
"Michigan Avenue",1806,3
"Willow Hill",1807,3
"Too Close",1808,3
"Where I'm From",1809,3
"Time Is All I Need",1810,3
"Help Me",1811,3
"Find Your Mountain",1812,3
"Something New",1813,3
"Hymn for the Unsung (Live)",1814,3
"Nothing You Can't Lose (Live)",1815,3
"Dance Me Around the Room (Live)",1816,3
"Working On a Building (Live)",1817,3
"Breaking Like the Sun (Live)",1818,3
"Wild As We Came Here",1819,3
"Hold On",1820,3
"Hold On",1821,3
"Ghost of Myself",1822,3
"Love Longer Love (Bonus Track)",1823,3
"Bella Donna (Live 1981)",1824,3
"Edge of Seventeen (Live with the Melbourne Symphony, 2006)",1825,3
"Soldier's Angel",1826,3
"Everybody Loves You",1827,3
"Ghosts Are Gone",1828,3
"Stand Back (Live from Soundstage)",1829,3
"Landslide (Orchestra Version) [Live from Soundstage]",1830,3
"Listen to the Rain",1831,3
"Unconditional Love",1832,3
"Love Is Like a River",1833,3
"Talk to Me",1834,3
"If Anyone Falls",1835,3
"Outside the Rain (Live)",1836,3
"Dreams (Live)",1837,3
"Talk To Me (Live)",1838,3
"Beauty and the Beast (Live)",1839,3
"Stand Back (Live)",1840,3
"All the Beautiful Worlds",1841,3
"I Don't Care",1842,3
"Adding to the Noise",1843,3
"Amateur Lovers",1844,3
"The Best Dream I Ever Had",1845,3
"Heated Blanket",1846,3
"We Were Happy (Taylor’s Version) [From The Vault]",1847,3
"We Were Happy (Taylor’s Version) [From The Vault]",1848,3
"the lakes (original version)",1849,3
"Speak Now",1850,3
"Dear John",1851,3
"Mean",1852,3
"Superman",1853,3
"Back to December (Acoustic)",1854,3
"willow (Lyric Video)",1855,3
"Shadow of a Doubt (Live)",1856,3
"Jack",1857,3
"Turn This Car Around",1858,3
"It's Good to Be King",1859,3
"Don't Fade On Me",1860,3
"House In the Woods",1861,3
"Climb That Hill Blues",1862,3
"Confusion Wheel",1863,3
"Confusion Wheel (Home Recording)",1864,3
"Girl On LSD (Live)",1865,3
"It's Good to Be King (Live)",1866,3
"Don't Treat Me Like a Stranger",1867,3
"Accused of Love",1868,3
"Something Good Coming",1869,3
"Shadow of a Doubt (A Complex Kid) [Live]",1870,3
"You and I Will Meet Again",1871,3
"Oh Well (Live)",1872,3
"Shout (Live at The Richfield Coliseum, 1983)",1873,3
"Walls (Circus)",1874,3
"Hole",1875,3
"Heading for the Light",1876,3
"New Blue Moon",1877,3
"Go Up to That Mountain",1878,3
"Until the Summer Comes",1879,3
"Elzic's Farewell",1880,3
"Bright Morning Stars",1881,3
"Things That You Know",1882,3
"Swallow",1883,3
"This Heart of Mine",1884,3
"This Time",1885,3
"World Spins Madly On",1886,3
"Twentythree",1887,3
"Believe Acoustic",1888,3
"I Don’t Wanna Live Forever (Fifty Shades Darker)",1889,3
"Thule",1890,2
"On Your Way",1891,2
"Twenty Two Fourteen",1892,2
"The Outer Banks",1893,2
"Over the Pond",1894,2
"Another Day",1895,2
"Streamside",1896,2
"Eastern Glow",1897,2
"Moss Mountain Town",1898,2
"Joan",1899,2
"Alone with Numbers",1900,2
"The Machine Christopher",1901,2
"The Headmaster",1902,2
"Decrypting",1903,2
"Becoming a Spy",1904,2
"The Apple",1905,2
"Farewell to Christopher",1906,2
"End of War",1907,2
"Because of You",1908,2
"It's Only Fear",1909,2
"Orange Sky",1910,2
"Blue Mind",1911,2
"Home",1912,2
"Blue Mind",1913,2
"Crinan Wood",1914,2
"A Whisper & A Clamor (Live)",1915,2
"There Is No Mathematics to Love and Loss (Live)",1916,2
"Hello Alone (Live)",1917,2
"Alexithymia (Live)",1918,2
"Dismantle. Repair. (Live)",1919,2
"(*fin) [Live]",1920,2
"A Day Late (Acoustic)",1921,2
"Cadence (Acoustic)",1922,2
"Driving (Autobahn) [Demo]",1923,2
"Everywhere In Between (Demo)",1924,2
"Stationary Stationery (Live)",1925,2
"A Day Late (Live)",1926,2
"Time & Confusion (Live)",1927,2
"The Resistance",1928,2
"Miserabile Visu (Ex Malo Bonum)",1929,2
"Dance, Dance Christa Päffgen",1930,2
"Watch You Burn",1931,2
"Fatal Flaw",1932,2
"Nightfall",1933,2
"Studying Stones",1934,2
"Dandelion",1935,2
"Rainbow Hill",1936,2
"Looking Back",1937,2
"The Hourglass",1938,2
"Diamonds",1939,2
"The Wolves",1940,2
"Keep Your Head Up",1941,2
"In Dreams",1942,2
"Mimi (feat. Ilsey)",1943,2
"Loneliness",1944,2
"Furr",1945,2
"Lady On the Water",1946,2
"Most Of All",1947,2
"Dying Day",1948,2
"Pride and Joy",1949,2
"Caroline",1950,2
"Touching the Ground",1951,2
"Late Morning Lullaby",1952,2
"Downpour",1953,2
"Streets of Philadelphia",1954,2
"Cloud Valley (feat. Stuart Duncan)",1955,2
"Asleep at the Wheel of Fortune",1956,2
"Holding Pattern",1957,2
"Flagship",1958,2
"Crossfire I (The Matador)",1959,2
"Midwest",1960,2
"Crossfire II (The Dirge)",1961,2
"California (Prelude)",1962,2
"So It Goes",1963,2
"Everything Is Free",1964,2
"31 and Falling",1965,2
"Hangman (Live)",1966,2
"Cabin Fever (Live)",1967,2
"Graffiti",1968,2
"Get Out",1969,2
"Deliverance",1970,2
"My Enemy (feat. Matt Berninger)",1971,2
"Forever",1972,2
"Never Say Die",1973,2
"Miracle",1974,2
"Graves",1975,2
"This Is Why We Fight",1976,2
"Cavalry Captain",1977,2
"Make It Rain",1978,2
"1B",1979,2
"Indecision",1980,2
"Big Love (Live)",1981,2
"Say You Love Me (Early Version)",1982,2
"Landslide (Live at Jorgensen Auditorium, University of Connecticut, Storrs, CT, 10/25/1975)",1983,2
"Don't Let Me Down Again (Live at Jorgensen Auditorium, University of Connecticut, Storrs, CT, 10/25/1975)",1984,2
"I'm So Afraid (Live)",1985,2
"Dreams (Live)",1986,2
"Rhiannon (Live)",1987,2
"Stand Back (Live)",1988,2
"Go Your Own Way (Live)",1989,2
"Love In Store",1990,2
"Can't Go Back",1991,2
"That's Alright",1992,2
"Straight Back",1993,2
"Oh Diane",1994,2
"Songbird (Live at the Forum, Los Angeles, CA October 21-22, 1982)",1995,2
"The Chain (Live)",1996,2
"Rhiannon (Live)",1997,2
"World Turning (Live)",1998,2
"Songbird (Demo)",1999,2
"I Don't Want to Know (Early Take)",2000,2
"Silver Springs (Early Take)",2001,2
"Over & Over",2002,2
"Think About Me",2003,2
"Save Me a Place",2004,2
"That's All for Everyone",2005,2
"Beautiful Child",2006,2
"Horizon",2007,2
"Tides",2008,2
"A Love Song",2009,2
"Flux",2010,2
"Reflection",2011,2
"Flying",2012,2
"The Southern Sea",2013,2
"Hourglass",2014,2
"Earth",2015,2
"Isn't It A Pity (Version 1) [2020 Mix]",2016,2
"When We Was Fab",2017,2
"The Talking Wind",2018,2
"Alone but Not Alone",2019,2
"Falling Apart",2020,2
"The Real Work",2021,2
"Root Systems",2022,2
"Visions of a Different World",2023,2
"Holding Nothing Back",2024,2
"Days Are Gone",2025,2
"My Song 5",2026,2
"Let Me Go",2027,2
"Night So Long",2028,2
"Los Angeles",2029,2
"I've Been Down",2030,2
"Falling",2031,2
"Sweet Creature",2032,2
"All We Ever Knew",2033,2
"City of Angels",2034,2
"Rhythm & Blues",2035,2
"False Alarm",2036,2
"Dreamer",2037,2
"Library Magic",2038,2
"Turn It Around",2039,2
"Nowhere to Run",2040,2
"After Midnight",2041,2
"The Ghost in You",2042,2
"Little Queen",2043,2
"Cause of a Scene",2044,2
"You Should Know",2045,2
"Jacob from the Bible (OurVinyl Sessions)",2046,2
"Chew on My Heart (Acoustic)",2047,2
"Chew On My Heart (Piano & Voice)",2048,2
"Intro",2049,2
"Just for Tonight (Acoustic)",2050,2
"Wild Love (Jonas Blue Remix)",2051,2
"You've Got a Friend",2052,2
"Mexico",2053,2
"Hard Times Come Again No More (Voice)",2054,2
"The Old Story",2055,2
"Magic Works",2056,2
"Chase This Light",2057,2
"Cambridge, 1963",2058,2
"Domestic Pressures",2059,2
"Chalkboard",2060,2
"Cavendish Lab",2061,2
"A Game of Croquet",2062,2
"Viva Voce",2063,2
"A Spacetime Singularity",2064,2
"A Normal Family",2065,2
"Forces of Attraction",2066,2
"Camping",2067,2
"The Whirling Ways of Stars That Pass",2068,2
"Sunlight In a Jar",2069,2
"Daydreams (Apple Music Home Session)",2070,2
"Neck of the Woods",2071,2
"Happy Hunting Ground (feat. Griff)",2072,2
"I Want You to Change (Because You Want to Change) [feat. Bear’s Den]",2073,2
"The Party",2074,2
"Vistas",2075,2
"Unreflected",2076,2
"Into Dust",2077,2
"From the Start",2078,2
"Yet To Be",2079,2
"Only Just Begun",2080,2
"Yellow Room",2081,2
"When the Lights Went Down",2082,2
"Night Hike",2083,2
"Beyond That",2084,2
"Nowhere",2085,2
"Outro 2",2086,2
"Something Else",2087,2
"I Bet You Think About Me",2088,2
"Body",2089,2
"Hayloft",2090,2
"Lost In Your Eyes (Outtake, 1974)",2091,2
"Shady Grove",2092,2
"Crystal River",2093,2
"Lover of the Bayou",2094,2
"Hope",2095,2
"Grow",2096,2
"Never",2097,2
"Taken",2098,2
"drivers license",2099,2
"Counting Stars",2100,2
"For You Blue (Live)",2101,2
"My Arms Were Always Around You",2102,2
"Lorraine",2103,2
"A Face Like Mine",2104,2
"Stay for a While",2105,2
"On Jordan's Stormy Banks",2106,2
"We Are",2107,2
"Come Tomorrow",2108,2
"I'll Forget You",2109,2
"Under My Skin",2110,2
"Always",2111,2
"So Are You to Me",2112,2
"Song for Viola",2113,2
"Family Name",2114,2
"For You",2115,2
"Trace of You",2116,2
"All I Need",2117,2
"Break the Wheel",2118,2
"You Have a Choice",2119,2
"The Rains of Castamere",2120,2
"Out Tonight",2121,2
"Without You",2122,2
"What You Own",2123,2
"Lost Girl",2124,2
"Clay",2125,2
"Ill Fly Away",2126,2
"Save My Soul",2127,2
"Swoon",2128,2
"Stand Like an Oak",2129,2
"Intro",2130,2
"Bergamot Morning",2131,2
"Young Bodies",2132,2
"The Water's Wide",2133,2
"Visions",2134,2
"Gold Coast",2135,2
"Ontario",2136,2
"Riverwalk",2137,2
"Wait for Love",2138,2
"September",2139,2
"The Last Thing on My Mind (with Punch Brothers)",2140,2
"Mark on Me",2141,2
"Memories in Mind",2142,2
"Adventures of Grace and Henry",2143,2
"Lifeline",2144,2
"Where Our Future Begins",2145,2
"Lullaby",2146,2
"We've Got a Fire",2147,2
"Rains Come",2148,2
"This Year",2149,2
"Ghost of Myself (Live)",2150,2
"Cuckoo / Cluck Old Hen (Live)",2151,2
"Go Up to That Mountain (Live)",2152,2
"To the Wild",2153,2
"Scrape Me Off the Ceiling",2154,2
"Broken Mandolin",2155,2
"Heartbeat",2156,2
"Till No One Is Free",2157,2
"Wild As We Came Here",2158,2
"Broken Mandolin",2159,2
"Take Me to the Ending",2160,2
"Sara (Live 1981)",2161,2
"Rock and Roll (Live 2005)",2162,2
"You May Be the One",2163,2
"Circle Dance (Live from Soundstage)",2164,2
"Sorcerer (Live from Soundstage)",2165,2
"Edge of Seventeen (Remaster)",2166,2
"Long Way to Go (Remaster)",2167,2
"Crash Into Me (Live) [Remaster]",2168,2
"Whole Lotta Trouble",2169,2
"Edge of Seventeen",2170,2
"Has Anyone Ever Written Anything for You",2171,2
"No Spoken Word (Live)",2172,2
"Lady",2173,2
"Watch Chain",2174,2
"Hard Advice",2175,2
"Blue Water",2176,2
"The Dealer",2177,2
"Gone",2178,2
"This Is Home",2179,2
"Awakening",2180,2
"Only Hope",2181,2
"Hello Hurricane",2182,2
"Needle and Haystack Life",2183,2
"Enough to Let Me Go",2184,2
"Oh! Gravity.",2185,2
"Yesterdays",2186,2
"Burn Out Bright",2187,2
"Learning to Breathe",2188,2
"She's Warm",2189,2
"Simpler Times",2190,2
"Blue Moon",2191,2
"Red (2013 CMA Awards Performance) [feat. Alison Krauss, Edgar Meyer, Eric Darken, Sam Bush & Vince Gill]",2192,2
"Never Grow Up",2193,2
"Innocent",2194,2
"Last Kiss",2195,2
"Ours",2196,2
"A Place In This World",2197,2
"A Perfectly Good Heart",2198,2
"willow (90's trend remix)",2199,2
"Saving Grace",2200,2
"Square One",2201,2
"Ankle Deep",2202,2
"The Golden Rose",2203,2
"Honey Bee",2204,2
"Cabin Down Below",2205,2
"Hope You Never",2206,2
"Hung Up and Overdue",2207,2
"Don't Fade On Me (Home Recording)",2208,2
"You Don't Know How It Feels (Live)",2209,2
"Surrender (Outtake, 1976)",2210,2
"Listen to Her Heart (Live at The Record Plant, Sausalito, CA, 4/23/77)",2211,2
"Radio Promotion Spot (1977)",2212,2
"Rockin' Around (With You)",2213,2
"No Second Thoughts",2214,2
"Even the Losers (Live at Rochester Community War Memorial, Rochester, NY, 9/9/89)",2215,2
"I Won't Back Down (Live at the Fillmore, San Francisco, CA, 2/4/87)",2216,2
"Lonesome Sundown",2217,2
"Have Love, Will Travel",2218,2
"Fault Lines",2219,2
"Makin' Some Noise",2220,2
"Mystic Eyes (Live)",2221,2
"Green Onions (Live)",2222,2
"Goldfinger (Live)",2223,2
"Spike (Live)",2224,2
"Good, Good Lovin' (Live)",2225,2
"Learning to Fly (Live from Bonnaroo)",2226,2
"Zero from Outer Space",2227,2
"Aiport",2228,2
"Insider (Live at Stephen C. O'Connell Center, Gainesville, FL, 9/21/06)",2229,2
"Mercy",2230,2
"Forty-Niner",2231,2
"The Verdant Mile",2232,2
"Wasn't Born to Follow",2233,2
"Rattled",2234,2
"Not Alone Any More",2235,2
"Margarita",2236,2
"Spike Driver",2237,2
"Water's Edge",2238,2
"Body Like a Glove",2239,2
"Uncle Jo (feat. Nahko)",2240,2
"Mother (feat. Xavier Rudd & Tubby Love)",2241,2
"Indigo",2242,2
"All the Stars",2243,2
"Asleep At Last",2244,2
"The Valley",2245,2
"Not Alone",2246,2
"Keep Me in Your Heart",2247,2
"Weary Blues From Waitin'",2248,2
"Prairie Town",2249,2
"Fly Me High",2250,2
"View From Heaven",2251,2
"Ocean Avenue Acoustic",2252,2
"How I Go (Live) [Acoustic]",2253,2
"All My Days",2254,1
"Breathe",2255,1
"Wait",2256,1
"Towards the Sun",2257,1
"Some Day Soon",2258,1
"Through the Dark",2259,1
"The Light (Her Hands Were Leaves)",2260,1
"Adelaide (Live)",2261,1
"The Unwinding Cable Car (Live)",2262,1
"Reclusion (Live)",2263,1
"Inevitable (Live)",2264,1
"Behind The Scenes (Behind the Scenes)",2265,1
"We Owe This To Ourselves (Live From Pittsburgh, PA/2010)",2266,1
"Take Me (As You Found Me) [Live]",2267,1
"A Day Late (Live)",2268,1
"Dismantle.Repair. (Live)",2269,1
"The Unwinding Cable Car (Live)",2270,1
"Feel Good Drag (Live)",2271,1
"Creep (Acoustic) [AOL Sessions]",2272,1
"Ready Fuels (Demo)",2273,1
"Glass to the Arson (Electronic Version)",2274,1
"Never Take Friendship Personal (Live)",2275,1
"(The Symphony Of) Blasé (Live)",2276,1
"The Runaways (Live)",2277,1
"The Feel Good Drag (Live)",2278,1
"Audrey, Start the Revolution! (Live)",2279,1
"A Heavy Hearted Work of Staggering Genius (Live)",2280,1
"Dance, Dance, Christa Päffgen (Live)",2281,1
"A Heavy Hearted Work of Staggering Genius",2282,1
"You Had Time",2283,1
"Go Now",2284,1
"Diamond On Your Hand",2285,1
"Jerusalem",2286,1
"Sex Bandaid",2287,1
"Helpless Kiss",2288,1
"Judas",2289,1
"The Wind (feat. Anne Heaton)",2290,1
"Dublin Boys",2291,1
"Salvation Song (Live)",2292,1
"Acceptance",2293,1
"Just Let Go",2294,1
"First Rain of Summer",2295,1
"That Was Then",2296,1
"Slow Waltz",2297,1
"Love's Grove",2298,1
"The Snow is Melting",2299,1
"Aftermath",2300,1
"View from a Window",2301,1
"Dream Dancer",2302,1
"Journey's End",2303,1
"Oceans Apart",2304,1
"Memento",2305,1
"Surface Waves",2306,1
"The Turn",2307,1
"The Watchmaker",2308,1
"Everything",2309,1
"Only Love",2310,1
"The Fear",2311,1
"Promise",2312,1
"Rivers In Your Mouth",2313,1
"Time Is Dancing",2314,1
"Evergreen",2315,1
"End of the Affair",2316,1
"Renegade (Pop Version)",2317,1
"The Witching Hour – Intro",2318,1
"Second Hand News",2319,1
"Young Heart",2320,1
"Fall Apart Again",2321,1
"Harder To Forgive",2322,1
"Party Of One",2323,1
"Oh Dear",2324,1
"Before It Breaks (Live Acoustic)",2325,1
"Have You Ever (Live from Boston)",2326,1
"Josephine (Live)",2327,1
"The Story",2328,1
"Turpentine",2329,1
"Losing Heart",2330,1
"Until I Die",2331,1
"Born In the U.S.A.",2332,1
"Something Just Like This",2333,1
"Winnipeg",2334,1
"Looking Glass",2335,1
"Machines",2336,1
"Big Bend",2337,1
"Rolling Blackout",2338,1
"Bell Jar",2339,1
"31 and Falling (feat. Girlyman) [Live]",2340,1
"Wrecking Ball",2341,1
"Hangman",2342,1
"Damage Control (Prelude)",2343,1
"Shipwreck (Live)",2344,1
"Crossfire I (Live)",2345,1
"Back in the Ring (Live)",2346,1
"Silent Movie (Live)",2347,1
"Bell Jar (Live)",2348,1
"Shepherd (Live)",2349,1
"Heaven/Hell",2350,1
"God's Plan",2351,1
"Really Gone",2352,1
"ii",2353,1
"Wonderland",2354,1
"The Hethel Thorn",2355,1
"Winter's Night",2356,1
"À la Claire Fontaine",2357,1
"Chickens",2358,1
"Gentle Arms of Eden",2359,1
"I Go Like the Raven",2360,1
"Ok Kid",2361,1
"Bird over the Train",2362,1
"Ward",2363,1
"Calamity Song (iTunes Session)",2364,1
"Setting Forth",2365,1
"The Wolf",2366,1
"Photographs (Bonus Track)",2367,1
"Duet for Cello and Bass",2368,1
"Cloverfoot Reel",2369,1
"Second Time Around",2370,1
"Hero",2371,1
"When She's Near",2372,1
"Thoughts on a Grey Day",2373,1
"I'm So Afraid (Early Version)",2374,1
"Rhiannon (Live from the Burbank Studios, Burbank, CA, 1/26/1976)",2375,1
"Why (Live from the Burbank Studios, Burbank, CA, 1/26/1976)",2376,1
"Spare Me a Little (Live at Jorgensen Auditorium, University of Connecticut, Storrs, CT, 10/25/1975)",2377,1
"Rhiannon (Live at Jorgensen Auditorium, University of Connecticut, Storrs, CT, 10/25/1975)",2378,1
"Why (Live at Jorgensen Auditorium, University of Connecticut, Storrs, CT, 10/25/1975)",2379,1
"Over My Head (Live at Campus Stadium, University of California, Santa Barbara, CA 5/2/1976)",2380,1
"Not That Funny (Live)",2381,1
"Sands of Time",2382,1
"Show Me a Smile",2383,1
"Book of Love",2384,1
"Eyes of the World",2385,1
"Wish You Were Here",2386,1
"Love In Store (Early Version)",2387,1
"Suma's Walk aka Can't Go Back (Outtake)",2388,1
"That's Alright (Alternate Take)",2389,1
"Book of Love (Early Version)",2390,1
"Only Over You (Alternate Version)",2391,1
"Goodbye Angel (Original Outtake)",2392,1
"Oh Daddy (Live)",2393,1
"Never Going Back Again (Live)",2394,1
"Gold Dust Woman (Live)",2395,1
"Second Hand News (Early Take)",2396,1
"Dreams (Take 2)",2397,1
"Never Going Back Again (Acoustic Duet)",2398,1
"Go Your Own Way (Early Take)",2399,1
"Songbird (Take 10 Instrumental)",2400,1
"Keep Me There (With Vocal)",2401,1
"Gold Dust Woman (Early Take)",2402,1
"Doesn't Anything Last (Early Take)",2403,1
"That's Enough for Me",2404,1
"Brown Eyes",2405,1
"I Know I'm Not Wrong",2406,1
"Walk a Thin Line",2407,1
"Rabbit Heart (Raise It Up)",2408,1
"Hurricane Drunk",2409,1
"Are You Hurting the One You Love?",2410,1
"Arches",2411,1
"Dark Red",2412,1
"Alone",2413,1
"Dusk",2414,1
"Got My Mind Set On You (2009 Mix)",2415,1
"Give Me Love (Give Me Peace On Earth) [2009 Mix]",2416,1
"Ballad Of Sir Frankie Crisp (Let It Roll) [2009 Mix]",2417,1
"My Sweet Lord (2009 Mix)",2418,1
"All Things Must Pass (2009 Mix)",2419,1
"Any Road (2009 Mix)",2420,1
"This Is Love (2009 Mix)",2421,1
"All Those Years Ago (2009 Mix)",2422,1
"Marwa Blues (2009 Mix)",2423,1
"What Is Life (2009 Mix)",2424,1
"Rising Sun (2009 Mix)",2425,1
"When We Was Fab (2009 Mix)",2426,1
"Blow Away (2009 Mix)",2427,1
"In a Certain Light",2428,1
"Side Effects",2429,1
"Unmaking the Bed",2430,1
"Mouth of Flames",2431,1
"The Open Sea",2432,1
"Up From A Dream",2433,1
"Gasoline",2434,1
"3:00 AM",2435,1
"Don't Wanna",2436,1
"Another Try",2437,1
"I've Been Down",2438,1
"Man from the Magazine",2439,1
"All That Ever Mattered",2440,1
"FUBT",2441,1
"Los Angeles",2442,1
"The Steps",2443,1
"I Know Alone",2444,1
"Up From A Dream",2445,1
"Gasoline",2446,1
"3:00 AM",2447,1
"Don't Wanna",2448,1
"Another Try",2449,1
"Leaning On You",2450,1
"Man from the Magazine",2451,1
"All That Ever Mattered",2452,1
"FUBT",2453,1
"Gasoline (Remix)",2454,1
"Golden",2455,1
"Adore You",2456,1
"Lights Up",2457,1
"Cherry",2458,1
"She",2459,1
"Sunflower, Vol. 6",2460,1
"Treat People With Kindness",2461,1
"Fine Line",2462,1
"Sign of the Times",2463,1
"Homecoming Heroes",2464,1
"Another Story",2465,1
"Springtime",2466,1
"Summertime",2467,1
"Josh McBride",2468,1
"Shake",2469,1
"Cruel",2470,1
"Colors",2471,1
"The Chain (From the Motion Picture Soundtrack ""The Kitchen"")",2472,1
"Cocktail and a Song",2473,1
"Wheels of Laredo",2474,1
"Lavender Forever",2475,1
"Holy Man (OurVinyl Sessions)",2476,1
"Heavy Handed",2477,1
"Chew on My Heart (Madism Remix)",2478,1
"Love Don't Hate Me",2479,1
"Hear Your Heart",2480,1
"Us (Acoustic)",2481,1
"Steamroller",2482,1
"Benjamin (Instrumental)",2483,1
"Beyond the Stars",2484,1
"Coma",2485,1
"The Spelling Board",2486,1
"The Voice Box",2487,1
"Epilogue",2488,1
"So Long, Marianne",2489,1
"Green Light",2490,1
"Sober",2491,1
"Homemade Dynamite",2492,1
"The Louvre",2493,1
"Liability",2494,1
"Sober II (Melodrama)",2495,1
"Writer In the Dark",2496,1
"Liability (Reprise)",2497,1
"Perfect Places",2498,1
"Are You Alright?",2499,1
"Mama You Sweet",2500,1
"Blinding Lights (Apple Music Home Session)",2501,1
"You to You",2502,1
"April Showers",2503,1
"A Little Pain",2504,1
"All American Made",2505,1
"Limerock",2506,1
"Poem for Carlita",2507,1
"Into Dust (Live)",2508,1
"Bells Ring",2509,1
"Blue Light",2510,1
"Paul Revere",2511,1
"Occam's Razor",2512,1
"Golden Mean",2513,1
"Heart Song",2514,1
"Osa's Song",2515,1
"June",2516,1
"Good Day to Die",2517,1
"Every Day",2518,1
"Intro to When the Lights Went Down",2519,1
"When the Lights Went Down",2520,1
"Yesterday",2521,1
"Intro to Beyond That",2522,1
"Gatekeeper",2523,1
"Hopeful Things",2524,1
"Yea Tho We Walk",2525,1
"Try to Change",2526,1
"Wisdom",2527,1
"Sleep Awake",2528,1
"Good Enough (Alternate Version, 2012)",2529,1
"Crystal River (Live)",2530,1
"Queen of the Go-Go Girls",2531,1
"House of Stone",2532,1
"Special Place (Bonus Track)",2533,1
"Welcome to Hell",2534,1
"Victim of Circumstance",2535,1
"Hungry No More",2536,1
"Winterbreak",2537,1
"After",2538,1
"If U Love Me Now",2539,1
"Crying On The Bathroom Floor",2540,1
"In the House of Tom Bombadil",2541,1
"Life In Color",2542,1
"If I Lose Myself (Acoustic)",2543,1
"What You Wanted (Acoustic)",2544,1
"Something (Live)",2545,1
"Here's to the State (Live) [Bonus Track]",2546,1
"Good Man",2547,1
"Who Else Could I Be",2548,1
"Ohio",2549,1
"I Cannot Settle Down",2550,1
"I Won't",2551,1
"Kyoto",2552,1
"Sidelines",2553,1
"15 Step",2554,1
"Bodysnatchers",2555,1
"Nude",2556,1
"Weird Fishes / Arpeggi",2557,1
"Faust Arp",2558,1
"Reckoner",2559,1
"House of Cards",2560,1
"Jigsaw Falling Into Place",2561,1
"Videotape",2562,1
"God",2563,1
"Mountaintop",2564,1
"Sleepin'",2565,1
"Flower",2566,1
"Marigold",2567,1
"Runnin'",2568,1
"Heartache",2569,1
"Light My Candle",2570,1
"Santa Fe",2571,1
"Take Me Or Leave Me",2572,1
"I'll Cover You (Reprise)",2573,1
"Love Heals",2574,1
"Swing Life Away",2575,1
"Catalyst",2576,1
"Tempest",2577,1
"St James Infirmary",2578,1
"Freedom",2579,1
"You Dont Miss Your Water Till Your Well Runs Dry",2580,1
"Tiny Fish Lungs",2581,1
"Caminando",2582,1
"Blood Pact",2583,1
"Break It Down",2584,1
"Forever Nevermore",2585,1
"Back to the Wind",2586,1
"The Way You Remember Me",2587,1
"Elevate",2588,1
"All Eyes on You",2589,1
"Closer Than This",2590,1
"When the Night",2591,1
"Forgiveness",2592,1
"Cold Case",2593,1
"Out Tonight",2594,1
"It's Your Fault",2595,1
"Road Never Ends",2596,1
"Surround Me (Live)",2597,1
"Spike Driver (Live)",2598,1
"Hold On (Live)",2599,1
"Long Way to Go (Live)",2600,1
"Wild As We Came Here (Live)",2601,1
"Nothing You Can't Lose (Live)",2602,1
"Find Your Mountain (Live)",2603,1
"Shape I'm In (Live)",2604,1
"Ghost of Myself",2605,1
"Take Me to the Ending",2606,1
"Scrape Me Off the Ceiling",2607,1
"Heartbeat",2608,1
"Till No One Is Free",2609,1
"Waiting By the Railroad (Bonus Track)",2610,1
"Dreams (Live 1981)",2611,1
"Rhiannon (Live 2005)",2612,1
"Stand Back (Live)",2613,1
"Italian Summer",2614,1
"Cheaper Than Free (feat. Dave Stewart)",2615,1
"If Anyone Falls In Love (Live from Soundstage)",2616,1
"How Still My Love (Live from Soundstage)",2617,1
"Fall from Grace (Live from Soundstage)",2618,1
"Beauty and the Beast (Live from Soundstage)",2619,1
"Gold Dust Woman (Live from Soundstage) [Bonus Track]",2620,1
"Edge of Seventeen (Live from Soundstage) [Bonus Track]",2621,1
"Rooms on Fire (Remaster)",2622,1
"Leather and Lace (with Don Henley) [Remaster]",2623,1
"Maybe Love Will Change Your Mind (Remaster)",2624,1
"Every Day (Remaster)",2625,1
"Rhiannon (Live) [Remaster]",2626,1
"Landslide (with the Melbourne Symphony Orchestra) [Live 2006] [Remaster]",2627,1
"I Will Run to You (with Tom Petty & the Heartbreakers) [Remaster]",2628,1
"Too Far from Texas (with Natalie Maines) [Remaster]",2629,1
"Blue Water (feat. Lady Antebellum) [Remaster]",2630,1
"Rock and Roll (Live) [Remaster]",2631,1
"Sleeping Angel (Remaster)",2632,1
"Just Like a Woman",2633,1
"Beauty and the Beast",2634,1
"Love's a Hard Game to Play",2635,1
"I Can't Wait",2636,1
"That Made Me Stronger",2637,1
"Has Anyone Ever Written Anything For You (Live)",2638,1
"Carousel",2639,1
"Cathouse Blues",2640,1
"She Loves Him Still",2641,1
"More Than Fine",2642,1
"Ammunition",2643,1
"Twenty-Four",2644,1
"Dare You to Move",2645,1
"Dirty Second Hands",2646,1
"Slow Down My Heartbeat",2647,1
"Hello Hurricane",2648,1
"Always",2649,1
"Incomplete",2650,1
"American Dream",2651,1
"missing her",2652,1
"Staying In",2653,1
"Pink Skies",2654,1
"Rainy Day",2655,1
"Dawn",2656,1
"Moonwake",2657,1
"Midnight",2658,1
"Letting Go",2659,1
"Enchanted",2660,1
"Haunted",2661,1
"If This Was a Movie",2662,1
"The Outside",2663,1
"Take Me Anywhere",2664,1
"Damaged By Love",2665,1
"Climb That Hill",2666,1
"Cabin Down Below (Live)",2667,1
"When the Time Comes",2668,1
"Fooled Again (I Don't Like It) [Alternate Version, 1976]",2669,1
"The Wild One, Forever",2670,1
"Here Comes My Girl (Alternate Version, 1979)",2671,1
"What Are You Doin' In My Life? (Alternate Version, 1979)",2672,1
"Kings Road (Live at the Forum, Inglewood, CA, 6/28/81)",2673,1
"You Can Still Change Your Mind",2674,1
"Alright for Now",2675,1
"The Damage You've Done (Alternate Version, 1987)",2676,1
"The Best of Everything (Alternate Version, 1985)",2677,1
"Two Gunslingers (Live at the Beacon Theatre, New York, NY, 5/25/13)",2678,1
"To Find a Friend",2679,1
"Crawling Back to You",2680,1
"Grew Up Fast",2681,1
"You and Me (Clubhouse Version, 2007)",2682,1
"Money Becomes King",2683,1
"Angel Dream (No. 2)",2684,1
"A*****e",2685,1
"Walls (No. 3)",2686,1
"105 Degrees",2687,1
"Supernatural Radio (Extended Version)",2688,1
"French Disconnection",2689,1
"It's Rainin' Again (Playback 1995 Box Set Version)",2690,1
"Here Comes My Girl",2691,1
"Melinda (Live)",2692,1
"The Stories We Could Tell (Live at The Hammersmith Odeon, London, 1985)",2693,1
"Grew Up Fast",2694,1
"Climb That Hill",2695,1
"Change the Locks",2696,1
"Hung Up and Overdue",2697,1
"The Mark",2698,1
"Good Life",2699,1
"The Verdant Mile",2700,1
"Free",2701,1
"Jackson's Tune/Trickster Tale/St. Anne's Reel",2702,1
"Dirty World",2703,1
"Congratulations",2704,1
"Cool Dry Place",2705,1
"Riverside",2706,1
"Tam Lin",2707,1
"Alaska",2708,1
"18 Wheeler",2709,1
"Spider",2710,1
"Forgive (feat. Luka Lesson)",2711,1
"Samay",2712,1
"Back To You",2713,1
"Mama and Papa",2714,1
"Yirawala",2715,1
"We Call",2716,1
"Guidance",2717,1
"Swing Low Sail High",2718,1
"Away But Never Gone",2719,1
"Storm Comin'",2720,1
"Across the Sea",2721,1
"What Has Been Done",2722,1
"Cherry Blossom Love",2723,1
"Last Goodbye",2724,1
"Loves Me Like a Rock",2725,1
"The Devil's Paintbrush Road",2726,1
"Glory Bound",2727,1
"Begin",2728,1
"Red Red Rose (Demo)",2729,1
"Can't Go Back Now",2730,1
"Rexroth's Daughter",2731,1
"Walk Away",2732,1
"Keep It Simple",2733,1
"Storm Boy",2734,1
"Honeymoon Bay",2735,1
"Gather the Hands",2736,1
"Best That I Can",2737,1
"Feet on the Ground",2738,1
"Growth Lines",2739,1
"True to Yourself",2740,1
"Before I Go",2741,1
"Times Like These",2742,1
"Way Away Acoustic",2743,1
"Breathing Acoustic",2744,1
"Empty Apartment Acoustic",2745,1
"Life of a Salesman Acoustic",2746,1
"Only One Acoustic",2747,1
"Miles Apart Acoustic",2748,1
"Twenty Three Acoustic",2749,1
"View From Heaven Acoustic",2750,1
"Inside Out Acoustic",2751,1
"One Year, Six Months Acoustic",2752,1
"Back Home Acoustic",2753,1
"Fisher's Hornpipe",2754,1
"Tom Petty - It'll All Work Out (Live 1986)",2755,1
